x;y;z;group;opinion
0;10;0;1;random
0;11;0;1;random
1;8;0;1;random
1;8;1;1;random
1;9;0;1;random
1;10;0;1;random
1;11;0;1;random
1;12;0;1;random
2;8;0;1;random
2;8;1;1;random
2;9;0;1;random
2;9;1;1;random
2;10;0;1;random
2;10;1;1;random
2;11;0;1;random
2;11;1;1;random
2;11;2;-1;random
2;12;0;1;random
2;12;1;1;random
2;13;0;1;random
2;13;1;1;random
3;6;0;1;random
3;6;1;1;random
3;7;0;1;random
3;7;1;1;random
3;8;0;1;random
3;8;1;1;random
3;9;0;1;random
3;9;1;1;random
3;10;0;1;random
3;10;1;1;random
3;10;2;-1;random
3;11;0;1;random
3;11;1;1;random
3;12;0;1;random
3;12;1;1;random
3;13;0;1;random
3;13;1;1;random
3;16;0;1;random
3;16;1;1;random
3;17;0;1;random
3;17;1;1;random
3;20;0;1;random
3;21;0;1;random
4;6;0;1;random
4;6;1;1;random
4;7;0;1;random
4;7;1;1;random
4;7;2;-1;random
4;8;0;1;random
4;8;1;1;random
4;9;0;1;random
4;9;1;1;random
4;10;0;1;random
4;11;0;1;random
4;11;1;1;random
4;12;0;1;random
4;12;1;1;random
4;13;0;1;random
4;13;1;-1;random
4;15;0;1;random
4;15;1;1;random
4;16;0;1;random
4;16;1;1;random
4;17;0;1;random
4;17;1;1;random
4;18;0;1;random
4;19;0;1;random
4;20;0;1;random
4;21;0;1;random
5;5;0;1;random
5;5;1;1;random
5;6;0;1;random
5;6;1;1;random
5;7;0;1;random
5;7;1;1;random
5;7;2;-1;random
5;8;0;1;random
5;8;1;1;random
5;9;0;1;random
5;9;1;1;random
5;10;0;1;random
5;11;0;1;random
5;12;0;1;random
5;13;0;1;random
5;14;0;1;random
5;15;0;1;random
5;15;1;1;random
5;16;0;1;random
5;16;1;1;random
5;16;2;-1;random
5;17;0;1;random
5;17;1;1;random
5;18;0;1;random
5;19;0;1;random
5;20;0;1;random
5;21;0;1;random
6;5;0;1;random
6;5;1;1;random
6;6;0;1;random
6;6;1;1;random
6;6;2;-1;random
6;7;0;1;random
6;7;1;1;random
6;8;0;1;random
6;8;1;1;random
6;9;0;1;random
6;9;1;1;random
6;10;0;1;random
6;10;1;1;random
6;11;0;1;random
6;11;1;1;random
6;11;2;-1;random
6;12;0;1;random
6;12;1;1;random
6;13;0;1;random
6;14;0;1;random
6;15;0;1;random
6;16;0;1;random
6;16;1;1;random
6;17;0;1;random
6;17;1;1;random
6;18;0;1;random
6;19;0;1;random
6;20;0;1;random
7;4;0;1;random
7;4;1;1;random
7;4;2;-1;random
7;5;0;1;random
7;5;1;1;random
7;6;0;1;random
7;6;1;1;random
7;6;2;1;random
7;6;3;-1;random
7;7;0;1;random
7;7;1;1;random
7;7;2;1;random
7;8;0;1;random
7;8;1;1;random
7;8;2;1;random
7;8;3;-1;random
7;9;0;1;random
7;9;1;1;random
7;9;2;1;random
7;10;0;1;random
7;10;1;1;random
7;10;2;1;random
7;11;0;1;random
7;11;1;1;random
7;11;2;1;random
7;12;0;1;random
7;12;1;1;random
7;12;2;1;random
7;12;3;-1;random
7;13;0;1;random
7;13;1;1;random
7;13;2;1;random
7;14;0;1;random
7;14;1;1;random
7;17;0;1;random
7;17;1;1;random
7;18;0;1;random
8;3;0;1;random
8;3;1;1;random
8;4;0;1;random
8;4;1;1;random
8;4;2;-1;random
8;5;0;1;random
8;5;1;1;random
8;6;0;1;random
8;6;1;1;random
8;6;2;-1;random
8;7;0;1;random
8;7;1;1;random
8;8;0;1;random
8;8;1;1;random
8;8;2;1;random
8;8;3;-1;random
8;9;0;1;random
8;9;1;1;random
8;9;2;1;random
8;9;3;-1;random
8;10;0;1;random
8;10;1;1;random
8;10;2;1;random
8;11;0;1;random
8;11;1;1;random
8;11;2;1;random
8;11;3;1;random
8;11;4;-1;random
8;12;0;1;random
8;12;1;1;random
8;12;2;1;random
8;12;3;1;random
8;13;0;1;random
8;13;1;1;random
8;13;2;1;random
8;14;0;1;random
8;14;1;1;random
8;15;0;1;random
8;15;1;1;random
8;15;2;-1;random
9;3;0;1;random
9;3;1;1;random
9;4;0;1;random
9;4;1;1;random
9;5;0;1;random
9;5;1;1;random
9;5;2;-1;random
9;6;0;1;random
9;6;1;1;random
9;7;0;1;random
9;7;1;1;random
9;7;2;1;random
9;8;0;1;random
9;8;1;1;random
9;8;2;1;random
9;8;3;-1;random
9;9;0;1;random
9;9;1;1;random
9;9;2;1;random
9;10;0;1;random
9;10;1;1;random
9;10;2;1;random
9;10;3;1;random
9;10;4;-1;random
9;11;0;1;random
9;11;1;1;random
9;11;2;1;random
9;11;3;1;random
9;11;4;1;random
9;12;0;1;random
9;12;1;1;random
9;12;2;1;random
9;12;3;1;random
9;13;0;1;random
9;13;1;1;random
9;13;2;1;random
9;14;0;1;random
9;14;1;1;random
9;14;2;1;random
9;14;3;-1;random
9;16;0;1;random
9;16;1;1;random
9;17;0;1;random
9;17;1;1;random
10;4;0;1;random
10;5;0;1;random
10;6;0;1;random
10;6;1;1;random
10;6;2;1;random
10;6;3;1;random
10;6;4;-1;random
10;7;0;1;random
10;7;1;1;random
10;7;2;1;random
10;7;3;1;random
10;8;0;1;random
10;8;1;1;random
10;8;2;1;random
10;9;0;1;random
10;9;1;1;random
10;9;2;1;random
10;10;0;1;random
10;10;1;1;random
10;10;2;1;random
10;10;3;1;random
10;10;4;1;random
10;10;5;-1;random
10;11;0;1;random
10;11;1;1;random
10;11;2;1;random
10;11;3;1;random
10;11;4;1;random
10;12;0;1;random
10;12;1;1;random
10;12;2;1;random
10;12;3;1;random
10;13;0;1;random
10;13;1;1;random
10;13;2;1;random
10;14;0;1;random
10;14;1;1;random
10;14;2;1;random
10;15;0;1;random
10;15;1;1;random
10;15;2;1;random
10;15;3;-1;random
10;16;0;1;random
10;16;1;1;random
10;16;2;1;random
10;17;0;1;random
10;17;1;1;random
11;2;0;1;random
11;2;1;-1;random
11;3;0;1;random
11;3;1;1;random
11;4;0;1;random
11;4;1;1;random
11;5;0;1;random
11;5;1;-1;random
11;6;0;1;random
11;6;1;1;random
11;6;2;1;random
11;7;0;1;random
11;7;1;1;random
11;7;2;1;random
11;7;3;1;random
11;8;0;1;random
11;8;1;1;random
11;8;2;1;random
11;8;3;1;random
11;8;4;1;random
11;9;0;1;random
11;9;1;1;random
11;9;2;1;random
11;9;3;1;random
11;9;4;1;random
11;10;0;1;random
11;10;1;1;random
11;10;2;1;random
11;10;3;1;random
11;10;4;1;random
11;10;5;-1;random
11;11;0;1;random
11;11;1;1;random
11;11;2;1;random
11;11;3;1;random
11;11;4;1;random
11;12;0;1;random
11;12;1;1;random
11;12;2;1;random
11;12;3;1;random
11;12;4;1;random
11;14;0;1;random
11;14;1;1;random
11;14;2;1;random
11;15;0;1;random
11;15;1;1;random
11;15;2;1;random
11;16;0;1;random
11;16;1;1;random
11;16;2;1;random
11;16;3;-1;random
11;17;0;1;random
11;17;1;1;random
11;31;0;1;random
11;32;0;1;random
12;0;0;-1;random
12;1;0;1;random
12;2;0;1;random
12;2;1;-1;random
12;3;0;1;random
12;3;1;1;random
12;3;2;-1;random
12;4;0;1;random
12;4;1;1;random
12;5;0;1;random
12;6;0;1;random
12;6;1;1;random
12;6;2;1;random
12;7;0;1;random
12;7;1;1;random
12;7;2;1;random
12;7;3;1;random
12;7;4;1;random
12;8;0;1;random
12;8;1;1;random
12;8;2;1;random
12;8;3;1;random
12;8;4;1;random
12;8;5;-1;random
12;9;0;1;random
12;9;1;1;random
12;9;2;1;random
12;9;3;1;random
12;10;0;1;random
12;10;1;1;random
12;10;2;1;random
12;10;3;1;random
12;10;4;1;random
12;13;0;1;random
12;13;1;1;random
12;13;2;1;random
12;14;0;1;random
12;14;1;1;random
12;14;2;1;random
12;14;3;-1;random
12;15;0;1;random
12;15;1;1;random
12;16;0;1;random
12;16;1;1;random
12;16;2;1;random
12;17;0;1;random
12;17;1;1;random
12;30;0;1;random
12;31;0;1;random
12;31;1;-1;random
12;32;0;1;random
12;33;0;1;random
12;33;1;-1;random
12;34;0;1;random
12;34;1;-1;random
12;35;0;1;random
13;0;0;1;random
13;1;0;1;random
13;1;1;-1;random
13;2;0;1;random
13;2;1;-1;random
13;3;0;1;random
13;3;1;1;random
13;3;2;-1;random
13;4;0;1;random
13;4;1;1;random
13;5;0;1;random
13;5;1;1;random
13;6;0;1;random
13;6;1;1;random
13;6;2;1;random
13;6;3;1;random
13;6;4;1;random
13;7;0;1;random
13;7;1;1;random
13;7;2;1;random
13;7;3;1;random
13;7;4;1;random
13;8;0;1;random
13;8;1;1;random
13;8;2;1;random
13;8;3;1;random
13;8;4;-1;random
13;9;0;1;random
13;9;1;1;random
13;12;0;1;random
13;12;1;1;random
13;12;2;1;random
13;12;3;1;random
13;12;4;-1;random
13;13;0;1;random
13;13;1;1;random
13;13;2;1;random
13;13;3;1;random
13;13;4;-1;random
13;14;0;1;random
13;14;1;1;random
13;14;2;1;random
13;14;3;-1;random
13;15;0;1;random
13;15;1;1;random
13;16;0;1;random
13;16;1;1;random
13;17;0;1;random
13;18;0;1;random
13;30;0;1;random
13;31;0;1;random
13;31;1;-1;random
13;32;0;1;random
13;33;0;1;random
13;33;1;-1;random
13;34;0;1;random
13;34;1;1;random
13;34;2;-1;random
13;35;0;1;random
13;35;1;1;random
13;35;2;1;random
13;36;0;1;random
13;36;1;1;random
13;37;0;1;random
13;37;1;1;random
13;37;2;-1;random
14;0;0;1;random
14;1;0;1;random
14;2;0;1;random
14;2;1;-1;random
14;3;0;1;random
14;4;0;1;random
14;4;1;1;random
14;5;0;1;random
14;5;1;1;random
14;5;2;-1;random
14;11;0;1;random
14;11;1;1;random
14;11;2;1;random
14;11;3;1;random
14;12;0;1;random
14;12;1;1;random
14;12;2;1;random
14;12;3;1;random
14;12;4;1;random
14;12;5;-1;random
14;13;0;1;random
14;13;1;1;random
14;13;2;1;random
14;13;3;1;random
14;13;4;-1;random
14;14;0;1;random
14;14;1;1;random
14;15;0;1;random
14;15;1;1;random
14;16;0;1;random
14;16;1;1;random
14;16;2;-1;random
14;17;0;1;random
14;17;1;1;random
14;18;0;1;random
14;18;1;1;random
14;29;0;1;random
14;30;0;1;random
14;30;1;-1;random
14;31;0;1;random
14;32;0;1;random
14;32;1;-1;random
14;33;0;1;random
14;33;1;1;random
14;33;2;-1;random
14;33;3;-1;random
14;34;0;1;random
14;34;1;1;random
14;34;2;1;random
14;34;3;-1;random
14;34;4;-1;random
14;35;0;1;random
14;35;1;1;random
14;35;2;1;random
14;36;0;1;random
14;36;1;1;random
14;36;2;1;random
14;36;3;-1;random
14;37;0;1;random
14;37;1;1;random
14;37;2;1;random
14;38;0;1;random
14;38;1;1;random
14;38;2;1;random
14;38;3;-1;random
14;39;0;1;random
14;39;1;-1;random
14;42;0;1;random
14;42;1;1;random
14;42;2;-1;random
14;43;0;1;random
15;1;0;1;random
15;1;1;-1;random
15;2;0;1;random
15;2;1;-1;random
15;3;0;1;random
15;4;0;1;random
15;4;1;1;random
15;5;0;1;random
15;5;1;1;random
15;5;2;-1;random
15;11;0;1;random
15;11;1;1;random
15;11;2;1;random
15;12;0;1;random
15;12;1;1;random
15;12;2;1;random
15;12;3;1;random
15;13;0;1;random
15;13;1;1;random
15;13;2;1;random
15;13;3;1;random
15;13;4;1;random
15;13;5;-1;random
15;14;0;1;random
15;14;1;1;random
15;15;0;1;random
15;16;0;1;random
15;16;1;1;random
15;17;0;1;random
15;17;1;1;random
15;18;0;1;random
15;18;1;-1;random
15;29;0;1;random
15;30;0;1;random
15;30;1;1;random
15;30;2;-1;random
15;31;0;1;random
15;31;1;1;random
15;31;2;-1;random
15;32;0;1;random
15;32;1;1;random
15;32;2;-1;random
15;32;3;-1;random
15;33;0;1;random
15;33;1;1;random
15;33;2;1;random
15;33;3;-1;random
15;33;4;-1;random
15;33;5;-1;random
15;34;0;1;random
15;34;1;1;random
15;34;2;1;random
15;34;3;-1;random
15;34;4;-1;random
15;35;0;1;random
15;35;1;1;random
15;35;2;1;random
15;35;3;-1;random
15;36;0;1;random
15;36;1;1;random
15;36;2;1;random
15;37;0;1;random
15;37;1;1;random
15;37;2;1;random
15;37;3;1;random
15;37;4;-1;random
15;38;0;1;random
15;38;1;1;random
15;38;2;-1;random
15;39;0;1;random
15;39;1;-1;random
15;40;0;1;random
15;40;1;1;random
15;40;2;-1;random
15;41;0;1;random
15;41;1;-1;random
15;42;0;1;random
15;43;0;1;random
15;43;1;1;random
15;43;2;-1;random
15;44;0;1;random
15;44;1;1;random
15;44;2;-1;random
16;1;0;1;random
16;1;1;-1;random
16;2;0;1;random
16;2;1;-1;random
16;3;0;1;random
16;3;1;-1;random
16;4;0;1;random
16;4;1;1;random
16;5;0;1;random
16;5;1;1;random
16;11;0;1;random
16;11;1;1;random
16;11;2;1;random
16;11;3;1;random
16;11;4;1;random
16;11;5;-1;random
16;12;0;1;random
16;12;1;1;random
16;12;2;1;random
16;12;3;1;random
16;12;4;1;random
16;12;5;-1;random
16;13;0;1;random
16;13;1;1;random
16;13;2;1;random
16;13;3;1;random
16;13;4;1;random
16;14;0;1;random
16;14;1;1;random
16;14;2;-1;random
16;15;0;1;random
16;16;0;1;random
16;16;1;1;random
16;17;0;1;random
16;17;1;1;random
16;30;0;1;random
16;30;1;1;random
16;30;2;-1;random
16;31;0;1;random
16;31;1;-1;random
16;32;0;1;random
16;32;1;1;random
16;32;2;-1;random
16;32;3;-1;random
16;32;4;-1;random
16;33;0;1;random
16;33;1;1;random
16;33;2;1;random
16;33;3;-1;random
16;33;4;-1;random
16;33;5;-1;random
16;34;0;1;random
16;34;1;1;random
16;34;2;1;random
16;34;3;-1;random
16;34;4;-1;random
16;35;0;1;random
16;35;1;1;random
16;35;2;1;random
16;35;3;-1;random
16;36;0;1;random
16;36;1;1;random
16;36;2;1;random
16;36;3;-1;random
16;37;0;1;random
16;37;1;1;random
16;37;2;1;random
16;37;3;-1;random
16;38;0;1;random
16;38;1;1;random
16;38;2;-1;random
16;39;0;1;random
16;39;1;1;random
16;39;2;-1;random
16;39;3;-1;random
16;40;0;1;random
16;40;1;1;random
16;40;2;-1;random
16;40;3;-1;random
16;41;0;1;random
16;41;1;-1;random
16;42;0;1;random
16;42;1;-1;random
16;43;0;1;random
16;43;1;1;random
16;43;2;-1;random
16;44;0;1;random
16;44;1;1;random
17;1;0;1;random
17;1;1;-1;random
17;2;0;1;random
17;2;1;-1;random
17;3;0;1;random
17;3;1;-1;random
17;4;0;1;random
17;5;0;1;random
17;5;1;1;random
17;5;2;-1;random
17;11;0;1;random
17;11;1;1;random
17;11;2;1;random
17;11;3;1;random
17;11;4;1;random
17;11;5;-1;random
17;12;0;1;random
17;12;1;1;random
17;12;2;1;random
17;12;3;1;random
17;12;4;1;random
17;12;5;-1;random
17;13;0;1;random
17;13;1;1;random
17;13;2;1;random
17;13;3;1;random
17;13;4;-1;random
17;14;0;1;random
17;15;0;1;random
17;16;0;1;random
17;16;1;1;random
17;17;0;1;random
17;17;1;1;random
17;17;2;-1;random
17;30;0;1;random
17;30;1;1;random
17;30;2;1;random
17;31;0;1;random
17;31;1;1;random
17;31;2;-1;random
17;32;0;1;random
17;32;1;1;random
17;32;2;-1;random
17;32;3;-1;random
17;33;0;1;random
17;33;1;1;random
17;33;2;-1;random
17;33;3;-1;random
17;34;0;1;random
17;34;1;1;random
17;34;2;1;random
17;34;3;-1;random
17;35;0;1;random
17;35;1;1;random
17;35;2;1;random
17;36;0;1;random
17;36;1;1;random
17;36;2;1;random
17;36;3;-1;random
17;37;0;1;random
17;37;1;1;random
17;37;2;1;random
17;38;0;1;random
17;38;1;1;random
17;38;2;-1;random
17;39;0;1;random
17;39;1;1;random
17;39;2;-1;random
17;40;0;1;random
17;40;1;1;random
17;40;2;-1;random
17;40;3;-1;random
17;41;0;1;random
17;41;1;1;random
17;41;2;-1;random
17;41;3;-1;random
17;42;0;1;random
17;42;1;1;random
17;42;2;1;random
17;42;3;-1;random
17;43;0;1;random
17;43;1;1;random
17;43;2;1;random
17;44;0;1;random
17;44;1;1;random
17;44;2;1;random
17;44;3;-1;random
17;45;0;1;random
17;45;1;1;random
18;1;0;1;random
18;1;1;-1;random
18;2;0;1;random
18;2;1;-1;random
18;3;0;1;random
18;3;1;-1;random
18;4;0;1;random
18;4;1;-1;random
18;5;0;1;random
18;6;0;1;random
18;11;0;1;random
18;11;1;1;random
18;11;2;1;random
18;11;3;-1;random
18;12;0;1;random
18;12;1;1;random
18;12;2;1;random
18;13;0;1;random
18;13;1;1;random
18;13;2;1;random
18;14;0;1;random
18;15;0;1;random
18;16;0;1;random
18;16;1;-1;random
18;17;0;1;random
18;17;1;1;random
18;18;0;1;random
18;31;0;1;random
18;31;1;1;random
18;31;2;-1;random
18;31;3;-1;random
18;32;0;1;random
18;32;1;1;random
18;32;2;-1;random
18;32;3;-1;random
18;33;0;1;random
18;33;1;1;random
18;33;2;-1;random
18;33;3;-1;random
18;34;0;1;random
18;34;1;1;random
18;34;2;1;random
18;34;3;-1;random
18;35;0;1;random
18;35;1;1;random
18;35;2;1;random
18;36;0;1;random
18;36;1;1;random
18;37;0;1;random
18;37;1;1;random
18;38;0;1;random
18;38;1;1;random
18;38;2;-1;random
18;39;0;1;random
18;39;1;1;random
18;40;0;1;random
18;40;1;1;random
18;40;2;-1;random
18;40;3;-1;random
18;41;0;1;random
18;41;1;1;random
18;41;2;-1;random
18;41;3;-1;random
18;42;0;1;random
18;42;1;1;random
18;43;0;1;random
18;43;1;1;random
18;43;2;1;random
18;43;3;-1;random
18;44;0;1;random
18;44;1;1;random
18;45;0;1;random
19;2;0;1;random
19;2;1;-1;random
19;3;0;1;random
19;4;0;1;random
19;4;1;-1;random
19;5;0;1;random
19;6;0;1;random
19;10;0;1;random
19;10;1;1;random
19;11;0;1;random
19;11;1;1;random
19;11;2;1;random
19;12;0;1;random
19;12;1;1;random
19;12;2;1;random
19;13;0;1;random
19;13;1;1;random
19;13;2;1;random
19;13;3;-1;random
19;14;0;1;random
19;15;0;1;random
19;16;0;1;random
19;17;0;1;random
19;31;0;1;random
19;31;1;1;random
19;31;2;-1;random
19;31;3;-1;random
19;32;0;1;random
19;32;1;1;random
19;32;2;1;random
19;32;3;-1;random
19;32;4;-1;random
19;32;5;-1;random
19;33;0;1;random
19;33;1;1;random
19;33;2;1;random
19;33;3;-1;random
19;33;4;-1;random
19;34;0;1;random
19;34;1;1;random
19;34;2;1;random
19;34;3;1;random
19;34;4;-1;random
19;35;0;1;random
19;35;1;1;random
19;35;2;1;random
19;35;3;-1;random
19;36;0;1;random
19;36;1;1;random
19;36;2;-1;random
19;37;0;1;random
19;37;1;1;random
19;38;0;1;random
19;38;1;1;random
19;39;0;1;random
19;39;1;1;random
19;39;2;-1;random
19;40;0;1;random
19;40;1;1;random
19;40;2;-1;random
19;40;3;-1;random
19;41;0;1;random
19;41;1;1;random
19;41;2;-1;random
19;42;0;1;random
19;42;1;1;random
19;43;0;1;random
19;43;1;-1;random
19;44;0;1;random
20;2;0;1;random
20;3;0;1;random
20;3;1;-1;random
20;4;0;1;random
20;4;1;-1;random
20;5;0;1;random
20;5;1;1;random
20;6;0;1;random
20;6;1;1;random
20;6;2;-1;random
20;7;0;1;random
20;7;1;1;random
20;8;0;1;random
20;8;1;1;random
20;9;0;1;random
20;9;1;1;random
20;10;0;1;random
20;11;0;1;random
20;11;1;1;random
20;12;0;1;random
20;12;1;1;random
20;12;2;1;random
20;12;3;-1;random
20;13;0;1;random
20;13;1;1;random
20;14;0;1;random
20;15;0;1;random
20;32;0;1;random
20;32;1;1;random
20;32;2;1;random
20;32;3;-1;random
20;32;4;-1;random
20;33;0;1;random
20;33;1;1;random
20;33;2;1;random
20;33;3;1;random
20;33;4;-1;random
20;33;5;-1;random
20;34;0;1;random
20;34;1;1;random
20;34;2;1;random
20;34;3;1;random
20;34;4;-1;random
20;35;0;1;random
20;35;1;1;random
20;35;2;1;random
20;35;3;1;random
20;35;4;-1;random
20;36;0;1;random
20;36;1;1;random
20;36;2;-1;random
20;37;0;1;random
20;37;1;1;random
20;38;0;1;random
20;38;1;1;random
20;38;2;-1;random
20;39;0;1;random
20;39;1;1;random
20;39;2;1;random
20;39;3;-1;random
20;39;4;-1;random
20;40;0;1;random
20;40;1;1;random
20;40;2;1;random
20;40;3;-1;random
20;40;4;-1;random
20;40;5;-1;random
20;41;0;1;random
20;41;1;1;random
20;41;2;1;random
20;41;3;-1;random
20;41;4;-1;random
20;42;0;1;random
20;43;0;1;random
20;43;1;-1;random
20;44;0;1;random
20;44;1;1;random
20;44;2;-1;random
20;44;3;-1;random
21;2;0;1;random
21;3;0;1;random
21;3;1;-1;random
21;4;0;1;random
21;4;1;-1;random
21;5;0;1;random
21;5;1;1;random
21;6;0;1;random
21;6;1;1;random
21;6;2;-1;random
21;7;0;1;random
21;7;1;1;random
21;8;0;1;random
21;8;1;1;random
21;9;0;1;random
21;10;0;1;random
21;11;0;1;random
21;11;1;1;random
21;12;0;1;random
21;12;1;1;random
21;12;2;-1;random
21;13;0;1;random
21;13;1;1;random
21;14;0;1;random
21;15;0;1;random
21;30;0;1;random
21;30;1;1;random
21;30;2;1;random
21;31;0;1;random
21;31;1;1;random
21;31;2;1;random
21;31;3;-1;random
21;32;0;1;random
21;32;1;1;random
21;32;2;1;random
21;32;3;-1;random
21;32;4;-1;random
21;32;5;-1;random
21;33;0;1;random
21;33;1;1;random
21;33;2;1;random
21;33;3;-1;random
21;33;4;-1;random
21;33;5;-1;random
21;34;0;1;random
21;34;1;1;random
21;34;2;1;random
21;34;3;1;random
21;34;4;-1;random
21;34;5;-1;random
21;35;0;1;random
21;35;1;1;random
21;35;2;1;random
21;35;3;1;random
21;35;4;-1;random
21;36;0;1;random
21;36;1;1;random
21;36;2;1;random
21;36;3;-1;random
21;37;0;1;random
21;37;1;1;random
21;37;2;1;random
21;38;0;1;random
21;38;1;1;random
21;38;2;1;random
21;39;0;1;random
21;39;1;1;random
21;39;2;1;random
21;39;3;-1;random
21;39;4;-1;random
21;40;0;1;random
21;40;1;1;random
21;40;2;-1;random
21;40;3;-1;random
21;40;4;-1;random
21;41;0;1;random
21;41;1;1;random
21;41;2;1;random
21;41;3;-1;random
21;41;4;-1;random
21;41;5;-1;random
21;42;0;1;random
21;42;1;1;random
21;42;2;1;random
21;42;3;-1;random
21;43;0;1;random
21;43;1;1;random
21;43;2;-1;random
21;43;3;-1;random
21;44;0;1;random
21;44;1;1;random
21;44;2;-1;random
21;44;3;-1;random
22;3;0;1;random
22;3;1;-1;random
22;4;0;1;random
22;4;1;1;random
22;4;2;-1;random
22;5;0;1;random
22;5;1;1;random
22;6;0;1;random
22;6;1;1;random
22;7;0;1;random
22;7;1;1;random
22;7;2;-1;random
22;8;0;1;random
22;8;1;1;random
22;9;0;1;random
22;9;1;1;random
22;10;0;1;random
22;10;1;1;random
22;11;0;1;random
22;12;0;1;random
22;13;0;1;random
22;13;1;1;random
22;14;0;1;random
22;14;1;1;random
22;15;0;1;random
22;15;1;1;random
22;15;2;-1;random
22;30;0;1;random
22;30;1;1;random
22;30;2;1;random
22;31;0;1;random
22;31;1;1;random
22;31;2;1;random
22;32;0;1;random
22;32;1;1;random
22;32;2;1;random
22;32;3;-1;random
22;32;4;-1;random
22;32;5;-1;random
22;33;0;1;random
22;33;1;1;random
22;33;2;1;random
22;33;3;-1;random
22;33;4;-1;random
22;33;5;-1;random
22;34;0;1;random
22;34;1;1;random
22;34;2;1;random
22;34;3;-1;random
22;34;4;-1;random
22;34;5;-1;random
22;35;0;1;random
22;35;1;1;random
22;35;2;1;random
22;35;3;1;random
22;35;4;-1;random
22;35;5;-1;random
22;36;0;1;random
22;36;1;1;random
22;36;2;1;random
22;36;3;-1;random
22;36;4;-1;random
22;37;0;1;random
22;37;1;1;random
22;37;2;1;random
22;38;0;1;random
22;38;1;1;random
22;38;2;1;random
22;38;3;-1;random
22;39;0;1;random
22;39;1;1;random
22;39;2;1;random
22;39;3;-1;random
22;39;4;-1;random
22;39;5;-1;random
22;40;0;1;random
22;40;1;1;random
22;40;2;-1;random
22;40;3;-1;random
22;40;4;-1;random
22;40;5;-1;random
22;41;0;1;random
22;41;1;1;random
22;41;2;1;random
22;41;3;-1;random
22;41;4;-1;random
22;41;5;-1;random
22;42;0;1;random
22;42;1;1;random
22;42;2;1;random
22;42;3;-1;random
22;43;0;1;random
22;43;1;1;random
22;43;2;-1;random
22;43;3;-1;random
22;44;0;1;random
22;44;1;1;random
22;44;2;-1;random
23;4;0;1;random
23;4;1;1;random
23;5;0;1;random
23;5;1;1;random
23;6;0;1;random
23;6;1;1;random
23;7;0;1;random
23;7;1;1;random
23;7;2;-1;random
23;8;0;1;random
23;8;1;1;random
23;9;0;1;random
23;9;1;1;random
23;10;0;1;random
23;10;1;1;random
23;11;0;1;random
23;12;0;1;random
23;12;1;-1;random
23;13;0;1;random
23;14;0;1;random
23;14;1;1;random
23;15;0;1;random
23;15;1;1;random
23;32;0;1;random
23;32;1;1;random
23;32;2;1;random
23;32;3;-1;random
23;32;4;-1;random
23;33;0;1;random
23;33;1;1;random
23;33;2;1;random
23;33;3;-1;random
23;33;4;-1;random
23;33;5;-1;random
23;34;0;1;random
23;34;1;1;random
23;34;2;1;random
23;34;3;-1;random
23;34;4;-1;random
23;34;5;-1;random
23;35;0;1;random
23;35;1;1;random
23;35;2;1;random
23;35;3;-1;random
23;35;4;-1;random
23;35;5;-1;random
23;36;0;1;random
23;36;1;1;random
23;36;2;-1;random
23;36;3;-1;random
23;37;0;1;random
23;37;1;1;random
23;37;2;-1;random
23;38;0;1;random
23;38;1;1;random
23;38;2;1;random
23;39;0;1;random
23;39;1;1;random
23;39;2;1;random
23;39;3;-1;random
23;39;4;-1;random
23;40;0;1;random
23;40;1;1;random
23;40;2;1;random
23;40;3;-1;random
23;40;4;-1;random
23;41;0;1;random
23;41;1;1;random
23;41;2;1;random
23;41;3;-1;random
23;41;4;-1;random
23;42;0;1;random
23;42;1;1;random
23;42;2;1;random
23;42;3;-1;random
23;43;0;1;random
23;43;1;1;random
23;43;2;1;random
23;43;3;-1;random
23;44;0;1;random
23;44;1;1;random
23;44;2;1;random
24;6;0;1;random
24;6;1;1;random
24;6;2;-1;random
24;7;0;1;random
24;7;1;1;random
24;8;0;1;random
24;8;1;1;random
24;8;2;-1;random
24;9;0;1;random
24;10;0;1;random
24;11;0;1;random
24;12;0;1;random
24;13;0;1;random
24;14;0;1;random
24;14;1;1;random
24;15;0;1;random
24;15;1;1;random
24;28;0;1;random
24;28;1;-1;random
24;29;0;1;random
24;29;1;1;random
24;30;0;1;random
24;30;1;1;random
24;30;2;1;random
24;30;3;-1;random
24;31;0;1;random
24;31;1;1;random
24;31;2;1;random
24;35;0;1;random
24;35;1;1;random
24;35;2;-1;random
24;35;3;-1;random
24;36;0;1;random
24;36;1;1;random
24;37;0;1;random
24;37;1;1;random
24;38;0;1;random
24;38;1;1;random
24;38;2;-1;random
24;39;0;1;random
24;39;1;1;random
24;40;0;1;random
24;40;1;1;random
24;40;2;-1;random
24;41;0;1;random
24;41;1;1;random
24;41;2;-1;random
24;42;0;1;random
24;42;1;1;random
24;42;2;-1;random
24;43;0;1;random
24;43;1;1;random
24;43;2;1;random
24;43;3;-1;random
25;7;0;1;random
25;8;0;1;random
25;9;0;1;random
25;10;0;1;random
25;11;0;1;random
25;11;1;-1;random
25;12;0;1;random
25;13;0;1;random
25;13;1;1;random
25;14;0;1;random
25;14;1;1;random
25;15;0;1;random
25;28;0;1;random
25;29;0;1;random
25;29;1;1;random
25;29;2;1;random
25;29;3;-1;random
25;30;0;1;random
25;30;1;1;random
25;30;2;1;random
25;30;3;1;random
25;31;0;1;random
25;31;1;1;random
25;31;2;1;random
25;31;3;1;random
25;32;0;1;random
25;32;1;1;random
25;32;2;1;random
25;33;0;1;random
25;33;1;1;random
25;33;2;-1;random
25;34;0;1;random
25;34;1;1;random
25;34;2;1;random
25;34;3;1;random
25;35;0;1;random
25;35;1;1;random
25;35;2;1;random
25;35;3;1;random
25;36;0;1;random
25;36;1;1;random
25;36;2;-1;random
25;36;3;-1;random
25;37;0;1;random
25;37;1;1;random
25;37;2;-1;random
25;37;3;-1;random
25;38;0;1;random
25;38;1;1;random
25;38;2;-1;random
25;38;3;-1;random
25;39;0;1;random
25;39;1;1;random
25;39;2;-1;random
25;40;0;1;random
25;40;1;1;random
25;40;2;-1;random
25;41;0;1;random
25;41;1;1;random
25;41;2;-1;random
25;41;3;-1;random
25;42;0;1;random
25;42;1;1;random
25;42;2;-1;random
25;42;3;-1;random
25;43;0;1;random
25;43;1;1;random
25;43;2;-1;random
25;43;3;-1;random
25;44;0;1;random
25;44;1;1;random
25;44;2;-1;random
26;7;0;1;random
26;8;0;1;random
26;9;0;1;random
26;12;0;1;random
26;13;0;1;random
26;14;0;1;random
26;15;0;1;random
26;26;0;1;random
26;26;1;-1;random
26;27;0;1;random
26;28;0;1;random
26;28;1;1;random
26;29;0;1;random
26;29;1;1;random
26;29;2;1;random
26;29;3;1;random
26;30;0;1;random
26;30;1;1;random
26;30;2;1;random
26;30;3;1;random
26;30;4;-1;random
26;31;0;1;random
26;31;1;1;random
26;31;2;1;random
26;31;3;1;random
26;31;4;1;random
26;32;0;1;random
26;32;1;1;random
26;32;2;1;random
26;32;3;1;random
26;33;0;1;random
26;33;1;1;random
26;34;0;1;random
26;34;1;1;random
26;34;2;1;random
26;35;0;1;random
26;35;1;1;random
26;35;2;1;random
26;35;3;-1;random
26;36;0;1;random
26;36;1;1;random
26;36;2;-1;random
26;36;3;-1;random
26;37;0;1;random
26;37;1;1;random
26;37;2;-1;random
26;37;3;-1;random
26;38;0;1;random
26;38;1;1;random
26;38;2;-1;random
26;38;3;-1;random
26;39;0;1;random
26;39;1;1;random
26;39;2;-1;random
26;39;3;-1;random
26;40;0;1;random
26;40;1;1;random
26;40;2;-1;random
26;41;0;1;random
26;41;1;1;random
26;41;2;-1;random
26;42;0;1;random
26;42;1;1;random
26;42;2;-1;random
26;43;0;1;random
26;43;1;1;random
26;43;2;-1;random
26;44;0;1;random
26;44;1;1;random
27;7;0;1;random
27;8;0;1;random
27;9;0;1;random
27;26;0;1;random
27;26;1;-1;random
27;27;0;1;random
27;27;1;1;random
27;28;0;1;random
27;28;1;1;random
27;29;0;1;random
27;29;1;1;random
27;29;2;1;random
27;30;0;1;random
27;30;1;1;random
27;30;2;1;random
27;30;3;1;random
27;30;4;-1;random
27;31;0;1;random
27;31;1;1;random
27;31;2;1;random
27;31;3;1;random
27;31;4;1;random
27;32;0;1;random
27;32;1;1;random
27;32;2;1;random
27;32;3;1;random
27;33;0;1;random
27;33;1;1;random
27;33;2;1;random
27;34;0;1;random
27;34;1;1;random
27;35;0;1;random
27;35;1;1;random
27;35;2;1;random
27;35;3;-1;random
27;36;0;1;random
27;36;1;1;random
27;36;2;-1;random
27;36;3;-1;random
27;37;0;1;random
27;37;1;1;random
27;37;2;-1;random
27;37;3;-1;random
27;38;0;1;random
27;38;1;1;random
27;38;2;-1;random
27;38;3;-1;random
27;39;0;1;random
27;39;1;1;random
27;39;2;-1;random
27;40;0;1;random
27;40;1;1;random
27;41;0;1;random
27;41;1;1;random
27;41;2;1;random
27;41;3;-1;random
27;42;0;1;random
27;42;1;1;random
27;42;2;1;random
27;43;0;1;random
27;43;1;1;random
27;43;2;-1;random
27;44;0;1;random
27;44;1;1;random
27;48;0;1;random
27;49;0;1;random
28;8;0;1;random
28;9;0;1;random
28;27;0;1;random
28;27;1;1;random
28;28;0;1;random
28;28;1;1;random
28;29;0;1;random
28;29;1;1;random
28;29;2;1;random
28;29;3;-1;random
28;30;0;1;random
28;30;1;1;random
28;30;2;1;random
28;30;3;1;random
28;31;0;1;random
28;31;1;1;random
28;31;2;1;random
28;31;3;1;random
28;32;0;1;random
28;32;1;1;random
28;32;2;1;random
28;32;3;1;random
28;33;0;1;random
28;33;1;1;random
28;33;2;1;random
28;34;0;1;random
28;34;1;1;random
28;34;2;-1;random
28;35;0;1;random
28;35;1;1;random
28;36;0;1;random
28;36;1;1;random
28;36;2;-1;random
28;37;0;1;random
28;37;1;1;random
28;37;2;-1;random
28;38;0;1;random
28;38;1;1;random
28;38;2;-1;random
28;38;3;-1;random
28;39;0;1;random
28;39;1;1;random
28;39;2;1;random
28;39;3;-1;random
28;40;0;1;random
28;40;1;1;random
28;41;0;1;random
28;41;1;1;random
28;41;2;1;random
28;42;0;1;random
28;42;1;1;random
28;42;2;1;random
28;42;3;-1;random
28;43;0;1;random
28;47;0;1;random
28;48;0;1;random
28;49;0;1;random
28;50;0;1;random
28;51;0;1;random
28;53;0;1;random
28;53;1;-1;random
29;27;0;1;random
29;27;1;1;random
29;28;0;1;random
29;28;1;1;random
29;29;0;1;random
29;29;1;1;random
29;29;2;1;random
29;30;0;1;random
29;30;1;1;random
29;30;2;1;random
29;30;3;1;random
29;31;0;1;random
29;31;1;1;random
29;31;2;1;random
29;32;0;1;random
29;32;1;1;random
29;32;2;1;random
29;33;0;1;random
29;33;1;1;random
29;33;2;-1;random
29;34;0;1;random
29;35;0;1;random
29;35;1;1;random
29;36;0;1;random
29;36;1;1;random
29;36;2;-1;random
29;37;0;1;random
29;37;1;1;random
29;37;2;-1;random
29;38;0;1;random
29;38;1;1;random
29;40;0;1;random
29;41;0;1;random
29;41;1;-1;random
29;46;0;1;random
29;46;1;1;random
29;47;0;1;random
29;48;0;1;random
29;49;0;1;random
29;50;0;1;random
29;51;0;1;random
29;52;0;1;random
29;52;1;-1;random
29;53;0;1;random
29;54;0;1;random
29;54;1;1;random
30;28;0;1;random
30;28;1;1;random
30;29;0;1;random
30;29;1;1;random
30;29;2;-1;random
30;30;0;1;random
30;30;1;1;random
30;31;0;1;random
30;31;1;1;random
30;32;0;1;random
30;32;1;1;random
30;33;0;1;random
30;33;1;1;random
30;33;2;-1;random
30;34;0;1;random
30;34;1;1;random
30;35;0;1;random
30;35;1;1;random
30;36;0;1;random
30;36;1;1;random
30;36;2;1;random
30;37;0;1;random
30;37;1;1;random
30;37;2;1;random
30;38;0;1;random
30;38;1;1;random
30;39;0;1;random
30;39;1;1;random
30;40;0;1;random
30;40;1;1;random
30;40;2;-1;random
30;41;0;1;random
30;41;1;1;random
30;41;2;1;random
30;44;0;1;random
30;45;0;1;random
30;45;1;1;random
30;46;0;1;random
30;46;1;1;random
30;46;2;-1;random
30;47;0;1;random
30;47;1;1;random
30;48;0;1;random
30;48;1;1;random
30;48;2;-1;random
30;49;0;1;random
30;49;1;1;random
30;50;0;1;random
30;50;1;1;random
30;51;0;1;random
30;51;1;1;random
30;52;0;1;random
30;52;1;1;random
30;53;0;1;random
30;53;1;1;random
30;54;0;1;random
30;54;1;1;random
31;14;0;1;random
31;28;0;1;random
31;28;1;1;random
31;28;2;-1;random
31;29;0;1;random
31;29;1;1;random
31;30;0;1;random
31;30;1;1;random
31;30;2;-1;random
31;31;0;1;random
31;31;1;1;random
31;32;0;1;random
31;32;1;1;random
31;33;0;1;random
31;33;1;1;random
31;34;0;1;random
31;34;1;1;random
31;35;0;1;random
31;35;1;1;random
31;36;0;1;random
31;36;1;1;random
31;36;2;1;random
31;36;3;-1;random
31;37;0;1;random
31;37;1;1;random
31;37;2;1;random
31;38;0;1;random
31;38;1;1;random
31;39;0;1;random
31;39;1;1;random
31;39;2;1;random
31;40;0;1;random
31;40;1;1;random
31;40;2;1;random
31;41;0;1;random
31;41;1;1;random
31;41;2;1;random
31;42;0;1;random
31;42;1;1;random
31;43;0;1;random
31;43;1;1;random
31;43;2;-1;random
31;44;0;1;random
31;44;1;1;random
31;45;0;1;random
31;45;1;1;random
31;46;0;1;random
31;46;1;1;random
31;46;2;-1;random
31;47;0;1;random
31;47;1;1;random
31;47;2;-1;random
31;47;3;-1;random
31;48;0;1;random
31;48;1;1;random
31;49;0;1;random
31;49;1;1;random
31;49;2;-1;random
31;50;0;1;random
31;50;1;1;random
31;51;0;1;random
31;51;1;1;random
31;52;0;1;random
31;52;1;1;random
31;53;0;1;random
31;53;1;1;random
31;54;0;1;random
31;55;0;1;random
31;56;0;1;random
31;57;0;1;random
32;12;0;1;random
32;12;1;1;random
32;13;0;1;random
32;13;1;1;random
32;14;0;1;random
32;14;1;1;random
32;14;2;-1;random
32;15;0;1;random
32;18;0;1;random
32;18;1;1;random
32;18;2;1;random
32;19;0;1;random
32;20;0;1;random
32;20;1;1;random
32;27;0;1;random
32;27;1;1;random
32;28;0;1;random
32;29;0;1;random
32;29;1;1;random
32;29;2;-1;random
32;30;0;1;random
32;30;1;1;random
32;31;0;1;random
32;31;1;1;random
32;32;0;1;random
32;32;1;1;random
32;33;0;1;random
32;33;1;1;random
32;34;0;1;random
32;34;1;1;random
32;35;0;1;random
32;35;1;1;random
32;35;2;-1;random
32;36;0;1;random
32;36;1;1;random
32;37;0;1;random
32;37;1;1;random
32;38;0;1;random
32;38;1;1;random
32;38;2;1;random
32;39;0;1;random
32;39;1;1;random
32;39;2;1;random
32;40;0;1;random
32;40;1;1;random
32;40;2;1;random
32;41;0;1;random
32;41;1;1;random
32;41;2;1;random
32;42;0;1;random
32;42;1;1;random
32;42;2;-1;random
32;43;0;1;random
32;43;1;1;random
32;44;0;1;random
32;44;1;1;random
32;44;2;1;random
32;44;3;-1;random
32;45;0;1;random
32;45;1;1;random
32;45;2;1;random
32;45;3;-1;random
32;46;0;1;random
32;46;1;1;random
32;46;2;-1;random
32;47;0;1;random
32;47;1;1;random
32;47;2;-1;random
32;48;0;1;random
32;48;1;1;random
32;48;2;-1;random
32;49;0;1;random
32;49;1;1;random
32;50;0;1;random
32;50;1;1;random
32;51;0;1;random
32;51;1;1;random
32;52;0;1;random
32;52;1;1;random
32;53;0;1;random
32;53;1;-1;random
32;54;0;1;random
32;55;0;1;random
32;56;0;1;random
32;57;0;1;random
32;58;0;1;random
33;11;0;1;random
33;11;1;1;random
33;12;0;1;random
33;12;1;1;random
33;13;0;1;random
33;13;1;1;random
33;14;0;1;random
33;14;1;1;random
33;15;0;1;random
33;15;1;1;random
33;16;0;1;random
33;16;1;1;random
33;17;0;1;random
33;17;1;1;random
33;17;2;-1;random
33;18;0;1;random
33;18;1;1;random
33;18;2;1;random
33;18;3;1;random
33;19;0;1;random
33;19;1;1;random
33;19;2;1;random
33;19;3;1;random
33;19;4;-1;random
33;20;0;1;random
33;20;1;1;random
33;20;2;1;random
33;20;3;1;random
33;20;4;-1;random
33;21;0;1;random
33;21;1;1;random
33;21;2;1;random
33;21;3;-1;random
33;22;0;1;random
33;22;1;1;random
33;22;2;1;random
33;22;3;-1;random
33;24;0;1;random
33;25;0;1;random
33;25;1;1;random
33;25;2;-1;random
33;26;0;1;random
33;26;1;1;random
33;27;0;1;random
33;27;1;1;random
33;28;0;1;random
33;28;1;1;random
33;29;0;1;random
33;29;1;1;random
33;30;0;1;random
33;30;1;1;random
33;32;0;1;random
33;32;1;1;random
33;33;0;1;random
33;33;1;1;random
33;34;0;1;random
33;34;1;1;random
33;34;2;-1;random
33;35;0;1;random
33;35;1;1;random
33;36;0;1;random
33;36;1;1;random
33;37;0;1;random
33;37;1;1;random
33;38;0;1;random
33;38;1;1;random
33;38;2;1;random
33;39;0;1;random
33;39;1;1;random
33;40;0;1;random
33;40;1;1;random
33;41;0;1;random
33;41;1;1;random
33;41;2;-1;random
33;42;0;1;random
33;42;1;1;random
33;43;0;1;random
33;43;1;1;random
33;44;0;1;random
33;44;1;1;random
33;44;2;1;random
33;44;3;-1;random
33;45;0;1;random
33;45;1;1;random
33;45;2;1;random
33;45;3;-1;random
33;46;0;1;random
33;46;1;1;random
33;46;2;-1;random
33;47;0;1;random
33;47;1;1;random
33;47;2;-1;random
33;48;0;1;random
33;48;1;1;random
33;48;2;1;random
33;48;3;-1;random
33;49;0;1;random
33;49;1;1;random
33;49;2;1;random
33;50;0;1;random
33;50;1;1;random
33;50;2;1;random
33;50;3;1;random
33;50;4;1;random
33;51;0;1;random
33;51;1;1;random
33;51;2;1;random
33;52;0;1;random
33;52;1;1;random
33;53;0;1;random
33;54;0;1;random
33;54;1;-1;random
33;55;0;1;random
33;56;0;1;random
33;57;0;1;random
33;58;0;1;random
34;11;0;1;random
34;11;1;1;random
34;12;0;1;random
34;12;1;1;random
34;13;0;1;random
34;13;1;1;random
34;14;0;1;random
34;14;1;1;random
34;14;2;1;random
34;14;3;-1;random
34;15;0;1;random
34;15;1;1;random
34;15;2;1;random
34;16;0;1;random
34;16;1;1;random
34;16;2;1;random
34;17;0;1;random
34;17;1;1;random
34;17;2;1;random
34;17;3;1;random
34;17;4;1;random
34;18;0;1;random
34;18;1;1;random
34;18;2;1;random
34;18;3;1;random
34;18;4;-1;random
34;19;0;1;random
34;19;1;1;random
34;19;2;1;random
34;19;3;1;random
34;19;4;-1;random
34;20;0;1;random
34;20;1;1;random
34;20;2;1;random
34;20;3;1;random
34;20;4;-1;random
34;21;0;1;random
34;21;1;1;random
34;21;2;1;random
34;21;3;1;random
34;21;4;-1;random
34;22;0;1;random
34;22;1;1;random
34;22;2;1;random
34;22;3;-1;random
34;23;0;1;random
34;23;1;1;random
34;24;0;1;random
34;24;1;1;random
34;24;2;-1;random
34;25;0;1;random
34;25;1;1;random
34;26;0;1;random
34;26;1;1;random
34;27;0;1;random
34;27;1;1;random
34;28;0;1;random
34;28;1;1;random
34;29;0;1;random
34;29;1;1;random
34;30;0;1;random
34;30;1;1;random
34;31;0;1;random
34;31;1;1;random
34;32;0;1;random
34;32;1;1;random
34;33;0;1;random
34;33;1;1;random
34;33;2;-1;random
34;34;0;1;random
34;34;1;1;random
34;35;0;1;random
34;35;1;1;random
34;36;0;1;random
34;36;1;1;random
34;37;0;1;random
34;37;1;1;random
34;38;0;1;random
34;38;1;1;random
34;38;2;1;random
34;39;0;1;random
34;39;1;1;random
34;40;0;1;random
34;40;1;1;random
34;40;2;-1;random
34;41;0;1;random
34;41;1;1;random
34;42;0;1;random
34;42;1;1;random
34;43;0;1;random
34;43;1;1;random
34;44;0;1;random
34;44;1;1;random
34;45;0;1;random
34;45;1;1;random
34;45;2;-1;random
34;46;0;1;random
34;46;1;1;random
34;47;0;1;random
34;47;1;1;random
34;47;2;1;random
34;47;3;-1;random
34;48;0;1;random
34;48;1;1;random
34;48;2;1;random
34;48;3;-1;random
34;49;0;1;random
34;49;1;1;random
34;49;2;1;random
34;50;0;1;random
34;50;1;1;random
34;50;2;1;random
34;50;3;1;random
34;50;4;1;random
34;51;0;1;random
34;51;1;1;random
34;51;2;1;random
34;51;3;1;random
34;51;4;-1;random
34;52;0;1;random
34;52;1;1;random
34;53;0;1;random
34;54;0;1;random
34;55;0;1;random
34;56;0;1;random
34;57;0;1;random
34;58;0;1;random
35;11;0;1;random
35;11;1;1;random
35;12;0;1;random
35;12;1;1;random
35;13;0;1;random
35;13;1;1;random
35;13;2;-1;random
35;14;0;1;random
35;14;1;1;random
35;14;2;1;random
35;15;0;1;random
35;15;1;1;random
35;16;0;1;random
35;16;1;1;random
35;16;2;1;random
35;17;0;1;random
35;17;1;1;random
35;17;2;1;random
35;17;3;1;random
35;17;4;-1;random
35;18;0;1;random
35;18;1;1;random
35;18;2;1;random
35;18;3;1;random
35;19;0;1;random
35;19;1;1;random
35;19;2;1;random
35;19;3;-1;random
35;20;0;1;random
35;20;1;1;random
35;20;2;1;random
35;20;3;1;random
35;20;4;-1;random
35;21;0;1;random
35;21;1;1;random
35;21;2;1;random
35;21;3;-1;random
35;22;0;1;random
35;22;1;1;random
35;22;2;1;random
35;22;3;-1;random
35;23;0;1;random
35;23;1;1;random
35;24;0;1;random
35;24;1;1;random
35;25;0;1;random
35;25;1;1;random
35;25;2;-1;random
35;26;0;1;random
35;26;1;1;random
35;27;0;1;random
35;27;1;1;random
35;28;0;1;random
35;28;1;1;random
35;29;0;1;random
35;29;1;1;random
35;30;0;1;random
35;30;1;1;random
35;31;0;1;random
35;31;1;1;random
35;32;0;1;random
35;32;1;1;random
35;32;2;-1;random
35;33;0;1;random
35;33;1;1;random
35;34;0;1;random
35;34;1;1;random
35;35;0;1;random
35;35;1;1;random
35;38;0;1;random
35;38;1;1;random
35;38;2;1;random
35;39;0;1;random
35;39;1;1;random
35;40;0;1;random
35;40;1;1;random
35;40;2;1;random
35;41;0;1;random
35;41;1;1;random
35;41;2;1;random
35;42;0;1;random
35;42;1;1;random
35;42;2;1;random
35;42;3;-1;random
35;43;0;1;random
35;43;1;1;random
35;43;2;1;random
35;44;0;1;random
35;44;1;1;random
35;45;0;1;random
35;45;1;1;random
35;46;0;1;random
35;46;1;1;random
35;46;2;1;random
35;46;3;-1;random
35;47;0;1;random
35;47;1;1;random
35;47;2;1;random
35;47;3;-1;random
35;48;0;1;random
35;48;1;1;random
35;48;2;1;random
35;48;3;-1;random
35;49;0;1;random
35;49;1;1;random
35;50;0;1;random
35;50;1;1;random
35;50;2;1;random
35;50;3;1;random
35;50;4;1;random
35;50;5;-1;random
35;51;0;1;random
35;51;1;1;random
35;51;2;1;random
35;52;0;1;random
35;52;1;1;random
35;53;0;1;random
35;53;1;1;random
35;54;0;1;random
35;55;0;1;random
35;56;0;1;random
35;57;0;1;random
36;12;0;1;random
36;12;1;1;random
36;12;2;-1;random
36;13;0;1;random
36;13;1;1;random
36;14;0;1;random
36;14;1;1;random
36;14;2;1;random
36;15;0;1;random
36;15;1;1;random
36;15;2;1;random
36;16;0;1;random
36;16;1;1;random
36;16;2;-1;random
36;17;0;1;random
36;17;1;1;random
36;17;2;1;random
36;18;0;1;random
36;18;1;1;random
36;18;2;1;random
36;18;3;-1;random
36;19;0;1;random
36;19;1;1;random
36;19;2;1;random
36;20;0;1;random
36;20;1;1;random
36;20;2;1;random
36;20;3;-1;random
36;21;0;1;random
36;21;1;1;random
36;21;2;1;random
36;21;3;-1;random
36;22;0;1;random
36;22;1;1;random
36;22;2;-1;random
36;23;0;1;random
36;23;1;1;random
36;24;0;1;random
36;24;1;1;random
36;24;2;1;random
36;25;0;1;random
36;25;1;1;random
36;25;2;-1;random
36;26;0;1;random
36;26;1;1;random
36;27;0;1;random
36;27;1;1;random
36;28;0;1;random
36;28;1;1;random
36;29;0;1;random
36;29;1;1;random
36;30;0;1;random
36;30;1;1;random
36;31;0;1;random
36;31;1;1;random
36;32;0;1;random
36;32;1;1;random
36;32;2;-1;random
36;33;0;1;random
36;33;1;1;random
36;34;0;1;random
36;34;1;1;random
36;35;0;1;random
36;39;0;1;random
36;39;1;1;random
36;39;2;1;random
36;40;0;1;random
36;40;1;1;random
36;40;2;1;random
36;40;3;1;random
36;41;0;1;random
36;41;1;1;random
36;41;2;1;random
36;41;3;1;random
36;42;0;1;random
36;42;1;1;random
36;42;2;1;random
36;43;0;1;random
36;43;1;1;random
36;43;2;1;random
36;43;3;-1;random
36;44;0;1;random
36;44;1;1;random
36;44;2;1;random
36;45;0;1;random
36;45;1;1;random
36;45;2;1;random
36;46;0;1;random
36;46;1;1;random
36;46;2;1;random
36;46;3;-1;random
36;47;0;1;random
36;47;1;1;random
36;47;2;1;random
36;47;3;-1;random
36;48;0;1;random
36;48;1;1;random
36;48;2;-1;random
36;49;0;1;random
36;49;1;1;random
36;50;0;1;random
36;50;1;1;random
36;51;0;1;random
36;51;1;1;random
36;51;2;1;random
36;51;3;-1;random
36;52;0;1;random
36;52;1;1;random
36;52;2;-1;random
36;53;0;1;random
36;54;0;1;random
36;55;0;1;random
36;56;0;1;random
37;10;0;1;random
37;10;1;1;random
37;13;0;1;random
37;13;1;1;random
37;13;2;1;random
37;14;0;1;random
37;14;1;1;random
37;14;2;1;random
37;14;3;1;random
37;14;4;-1;random
37;15;0;1;random
37;15;1;1;random
37;15;2;1;random
37;15;3;1;random
37;16;0;1;random
37;16;1;1;random
37;16;2;1;random
37;17;0;1;random
37;17;1;1;random
37;17;2;1;random
37;17;3;-1;random
37;18;0;1;random
37;18;1;1;random
37;18;2;1;random
37;19;0;1;random
37;19;1;1;random
37;19;2;1;random
37;20;0;1;random
37;20;1;1;random
37;20;2;1;random
37;21;0;1;random
37;21;1;1;random
37;21;2;1;random
37;21;3;-1;random
37;22;0;1;random
37;22;1;1;random
37;22;2;1;random
37;23;0;1;random
37;23;1;1;random
37;23;2;-1;random
37;24;0;1;random
37;24;1;1;random
37;25;0;1;random
37;25;1;1;random
37;26;0;1;random
37;26;1;1;random
37;27;0;1;random
37;27;1;1;random
37;27;2;-1;random
37;28;0;1;random
37;28;1;1;random
37;28;2;1;random
37;29;0;1;random
37;29;1;1;random
37;31;0;1;random
37;31;1;1;random
37;32;0;1;random
37;32;1;1;random
37;33;0;1;random
37;33;1;1;random
37;33;2;-1;random
37;34;0;1;random
37;34;1;1;random
37;35;0;1;random
37;35;1;1;random
37;41;0;1;random
37;41;1;1;random
37;41;2;1;random
37;42;0;1;random
37;42;1;1;random
37;42;2;1;random
37;43;0;1;random
37;43;1;1;random
37;43;2;1;random
37;43;3;1;random
37;44;0;1;random
37;44;1;1;random
37;44;2;1;random
37;44;3;-1;random
37;45;0;1;random
37;45;1;1;random
37;45;2;1;random
37;46;0;1;random
37;46;1;1;random
37;46;2;1;random
37;46;3;-1;random
37;47;0;1;random
37;47;1;1;random
37;47;2;-1;random
37;48;0;1;random
37;48;1;-1;random
37;49;0;1;random
37;49;1;-1;random
37;50;0;1;random
37;50;1;1;random
37;51;0;1;random
37;51;1;1;random
37;52;0;1;random
37;52;1;1;random
37;52;2;-1;random
37;53;0;1;random
37;54;0;1;random
37;55;0;1;random
37;56;0;1;random
38;9;0;1;random
38;9;1;1;random
38;10;0;1;random
38;10;1;1;random
38;13;0;1;random
38;13;1;1;random
38;13;2;1;random
38;13;3;1;random
38;14;0;1;random
38;14;1;1;random
38;14;2;1;random
38;14;3;1;random
38;14;4;1;random
38;14;5;-1;random
38;15;0;1;random
38;15;1;1;random
38;15;2;1;random
38;15;3;1;random
38;15;4;1;random
38;16;0;1;random
38;16;1;1;random
38;16;2;1;random
38;16;3;1;random
38;16;4;1;random
38;17;0;1;random
38;17;1;1;random
38;17;2;1;random
38;17;3;1;random
38;17;4;-1;random
38;18;0;1;random
38;18;1;1;random
38;18;2;1;random
38;18;3;1;random
38;19;0;1;random
38;19;1;1;random
38;19;2;1;random
38;19;3;1;random
38;20;0;1;random
38;20;1;1;random
38;20;2;1;random
38;21;0;1;random
38;21;1;1;random
38;21;2;1;random
38;21;3;-1;random
38;22;0;1;random
38;22;1;1;random
38;22;2;1;random
38;23;0;1;random
38;23;1;1;random
38;23;2;-1;random
38;24;0;1;random
38;24;1;1;random
38;25;0;1;random
38;25;1;1;random
38;26;0;1;random
38;26;1;1;random
38;26;2;-1;random
38;27;0;1;random
38;27;1;1;random
38;27;2;1;random
38;27;3;-1;random
38;28;0;1;random
38;28;1;1;random
38;28;2;1;random
38;29;0;1;random
38;29;1;1;random
38;29;2;-1;random
38;31;0;1;random
38;31;1;1;random
38;32;0;1;random
38;32;1;1;random
38;33;0;1;random
38;33;1;1;random
38;33;2;1;random
38;34;0;1;random
38;34;1;1;random
38;35;0;1;random
38;35;1;1;random
38;35;2;1;random
38;35;3;1;random
38;36;0;1;random
38;36;1;1;random
38;36;2;1;random
38;36;3;1;random
38;36;4;1;random
38;42;0;1;random
38;42;1;1;random
38;42;2;1;random
38;43;0;1;random
38;43;1;1;random
38;43;2;-1;random
38;44;0;1;random
38;44;1;1;random
38;45;0;1;random
38;45;1;1;random
38;45;2;1;random
38;46;0;1;random
38;46;1;1;random
38;46;2;-1;random
38;47;0;1;random
38;47;1;1;random
38;47;2;-1;random
38;48;0;1;random
38;49;0;1;random
38;50;0;1;random
38;50;1;-1;random
38;51;0;1;random
38;51;1;1;random
38;52;0;1;random
38;53;0;1;random
38;54;0;1;random
38;55;0;1;random
38;56;0;1;random
39;9;0;1;random
39;9;1;1;random
39;10;0;1;random
39;13;0;1;random
39;13;1;1;random
39;13;2;1;random
39;13;3;1;random
39;13;4;-1;random
39;14;0;1;random
39;14;1;1;random
39;14;2;1;random
39;14;3;1;random
39;14;4;1;random
39;15;0;1;random
39;15;1;1;random
39;15;2;1;random
39;15;3;1;random
39;15;4;1;random
39;15;5;-1;random
39;16;0;1;random
39;16;1;1;random
39;16;2;1;random
39;16;3;1;random
39;17;0;1;random
39;17;1;1;random
39;17;2;1;random
39;17;3;1;random
39;18;0;1;random
39;18;1;1;random
39;19;0;1;random
39;19;1;1;random
39;19;2;1;random
39;20;0;1;random
39;20;1;1;random
39;20;2;-1;random
39;21;0;1;random
39;21;1;1;random
39;22;0;1;random
39;22;1;1;random
39;23;0;1;random
39;23;1;1;random
39;23;2;-1;random
39;24;0;1;random
39;24;1;1;random
39;25;0;1;random
39;25;1;1;random
39;25;2;-1;random
39;26;0;1;random
39;26;1;1;random
39;26;2;1;random
39;27;0;1;random
39;27;1;1;random
39;27;2;1;random
39;27;3;-1;random
39;28;0;1;random
39;28;1;1;random
39;28;2;1;random
39;28;3;-1;random
39;29;0;1;random
39;29;1;1;random
39;30;0;1;random
39;30;1;1;random
39;31;0;1;random
39;31;1;1;random
39;32;0;1;random
39;32;1;1;random
39;33;0;1;random
39;33;1;1;random
39;33;2;1;random
39;34;0;1;random
39;34;1;1;random
39;34;2;1;random
39;34;3;-1;random
39;35;0;1;random
39;35;1;1;random
39;35;2;1;random
39;35;3;1;random
39;35;4;1;random
39;36;0;1;random
39;36;1;1;random
39;36;2;1;random
39;36;3;1;random
39;36;4;1;random
39;37;0;1;random
39;37;1;1;random
39;37;2;1;random
39;37;3;1;random
39;37;4;1;random
39;38;0;1;random
39;38;1;1;random
39;38;2;1;random
39;38;3;1;random
39;46;0;1;random
39;46;1;1;random
39;47;0;1;random
39;47;1;1;random
39;47;2;-1;random
39;48;0;1;random
39;49;0;1;random
39;50;0;1;random
39;51;0;1;random
39;52;0;1;random
39;53;0;1;random
39;54;0;1;random
39;54;1;-1;random
39;55;0;1;random
40;15;0;1;random
40;15;1;1;random
40;15;2;1;random
40;15;3;1;random
40;15;4;1;random
40;16;0;1;random
40;17;0;1;random
40;17;1;1;random
40;19;0;1;random
40;19;1;1;random
40;20;0;1;random
40;20;1;1;random
40;20;2;-1;random
40;21;0;1;random
40;21;1;1;random
40;22;0;1;random
40;22;1;1;random
40;22;2;-1;random
40;23;0;1;random
40;23;1;1;random
40;23;2;1;random
40;23;3;-1;random
40;24;0;1;random
40;24;1;1;random
40;24;2;1;random
40;25;0;1;random
40;25;1;1;random
40;25;2;1;random
40;25;3;1;random
40;26;0;1;random
40;26;1;1;random
40;26;2;1;random
40;26;3;1;random
40;26;4;1;random
40;26;5;-1;random
40;27;0;1;random
40;27;1;1;random
40;27;2;1;random
40;27;3;1;random
40;28;0;1;random
40;28;1;1;random
40;29;0;1;random
40;29;1;1;random
40;30;0;1;random
40;30;1;1;random
40;31;0;1;random
40;31;1;1;random
40;31;2;-1;random
40;32;0;1;random
40;32;1;1;random
40;32;2;1;random
40;33;0;1;random
40;33;1;1;random
40;33;2;1;random
40;34;0;1;random
40;34;1;1;random
40;34;2;1;random
40;34;3;1;random
40;35;0;1;random
40;35;1;1;random
40;35;2;1;random
40;35;3;1;random
40;35;4;1;random
40;35;5;1;random
40;36;0;1;random
40;36;1;1;random
40;36;2;1;random
40;36;3;1;random
40;36;4;1;random
40;36;5;1;random
40;37;0;1;random
40;37;1;1;random
40;37;2;1;random
40;37;3;1;random
40;37;4;1;random
40;38;0;1;random
40;38;1;1;random
40;38;2;1;random
40;38;3;1;random
40;38;4;-1;random
40;39;0;1;random
40;39;1;1;random
40;39;2;1;random
40;47;0;1;random
40;47;1;1;random
40;50;0;1;random
40;51;0;1;random
40;52;0;1;random
41;10;0;1;random
41;11;0;1;random
41;11;1;1;random
41;12;0;1;random
41;12;1;1;random
41;12;2;1;random
41;12;3;-1;random
41;13;0;1;random
41;13;1;1;random
41;13;2;1;random
41;14;0;1;random
41;14;1;1;random
41;14;2;1;random
41;19;0;1;random
41;19;1;1;random
41;20;0;1;random
41;20;1;1;random
41;20;2;1;random
41;20;3;-1;random
41;21;0;1;random
41;21;1;1;random
41;21;2;-1;random
41;22;0;1;random
41;22;1;1;random
41;22;2;1;random
41;22;3;-1;random
41;23;0;1;random
41;23;1;1;random
41;23;2;1;random
41;23;3;1;random
41;23;4;-1;random
41;24;0;1;random
41;24;1;1;random
41;24;2;1;random
41;24;3;1;random
41;25;0;1;random
41;25;1;1;random
41;25;2;1;random
41;25;3;1;random
41;25;4;1;random
41;25;5;1;random
41;26;0;1;random
41;26;1;1;random
41;26;2;1;random
41;26;3;1;random
41;26;4;1;random
41;26;5;1;random
41;26;6;-1;random
41;27;0;1;random
41;27;1;1;random
41;27;2;1;random
41;27;3;1;random
41;27;4;1;random
41;28;0;1;random
41;28;1;1;random
41;29;0;1;random
41;29;1;1;random
41;30;0;1;random
41;30;1;1;random
41;31;0;1;random
41;31;1;1;random
41;32;0;1;random
41;32;1;1;random
41;32;2;1;random
41;33;0;1;random
41;33;1;1;random
41;33;2;1;random
41;33;3;-1;random
41;34;0;1;random
41;34;1;1;random
41;34;2;1;random
41;34;3;1;random
41;35;0;1;random
41;35;1;1;random
41;35;2;1;random
41;35;3;1;random
41;35;4;1;random
41;36;0;1;random
41;36;1;1;random
41;36;2;1;random
41;36;3;1;random
41;36;4;1;random
41;37;0;1;random
41;37;1;1;random
41;37;2;1;random
41;37;3;1;random
41;37;4;1;random
41;38;0;1;random
41;38;1;1;random
41;38;2;1;random
41;39;0;1;random
41;39;1;1;random
41;40;0;1;random
41;40;1;1;random
41;41;0;1;random
41;41;1;1;random
41;41;2;-1;random
41;50;0;1;random
41;50;1;1;random
41;51;0;1;random
42;8;0;1;random
42;9;0;1;random
42;10;0;1;random
42;11;0;1;random
42;11;1;1;random
42;11;2;1;random
42;12;0;1;random
42;12;1;1;random
42;12;2;1;random
42;12;3;1;random
42;12;4;-1;random
42;13;0;1;random
42;13;1;1;random
42;13;2;1;random
42;13;3;1;random
42;14;0;1;random
42;14;1;1;random
42;14;2;1;random
42;14;3;1;random
42;15;0;1;random
42;15;1;1;random
42;15;2;1;random
42;15;3;1;random
42;18;0;1;random
42;18;1;1;random
42;19;0;1;random
42;19;1;1;random
42;19;2;-1;random
42;20;0;1;random
42;20;1;1;random
42;20;2;1;random
42;21;0;1;random
42;21;1;1;random
42;21;2;1;random
42;21;3;-1;random
42;22;0;1;random
42;22;1;1;random
42;22;2;1;random
42;23;0;1;random
42;23;1;1;random
42;23;2;1;random
42;23;3;1;random
42;23;4;-1;random
42;24;0;1;random
42;24;1;1;random
42;24;2;1;random
42;24;3;1;random
42;24;4;1;random
42;25;0;1;random
42;25;1;1;random
42;25;2;1;random
42;25;3;1;random
42;25;4;1;random
42;25;5;1;random
42;26;0;1;random
42;26;1;1;random
42;26;2;1;random
42;26;3;1;random
42;26;4;1;random
42;26;5;1;random
42;27;0;1;random
42;27;1;1;random
42;27;2;1;random
42;27;3;1;random
42;27;4;1;random
42;27;5;-1;random
42;28;0;1;random
42;28;1;1;random
42;28;2;1;random
42;29;0;1;random
42;29;1;1;random
42;29;2;1;random
42;30;0;1;random
42;30;1;1;random
42;30;2;1;random
42;31;0;1;random
42;31;1;1;random
42;32;0;1;random
42;32;1;1;random
42;32;2;1;random
42;33;0;1;random
42;33;1;1;random
42;33;2;1;random
42;33;3;1;random
42;34;0;1;random
42;34;1;1;random
42;34;2;1;random
42;34;3;1;random
42;34;4;-1;random
42;35;0;1;random
42;35;1;1;random
42;35;2;1;random
42;35;3;1;random
42;36;0;1;random
42;36;1;1;random
42;36;2;1;random
42;36;3;1;random
42;37;0;1;random
42;37;1;1;random
42;37;2;1;random
42;37;3;1;random
42;37;4;1;random
42;38;0;1;random
42;38;1;1;random
42;38;2;1;random
42;38;3;1;random
42;39;0;1;random
42;39;1;1;random
42;39;2;1;random
42;40;0;1;random
42;40;1;1;random
42;40;2;1;random
42;41;0;1;random
42;41;1;1;random
42;41;2;1;random
42;41;3;-1;random
43;8;0;1;random
43;9;0;1;random
43;10;0;1;random
43;11;0;1;random
43;11;1;1;random
43;11;2;1;random
43;12;0;1;random
43;12;1;1;random
43;12;2;1;random
43;12;3;1;random
43;13;0;1;random
43;13;1;1;random
43;13;2;1;random
43;13;3;1;random
43;13;4;-1;random
43;14;0;1;random
43;14;1;1;random
43;14;2;1;random
43;14;3;1;random
43;15;0;1;random
43;15;1;1;random
43;15;2;1;random
43;16;0;1;random
43;16;1;1;random
43;16;2;1;random
43;17;0;1;random
43;17;1;1;random
43;18;0;1;random
43;18;1;1;random
43;19;0;1;random
43;19;1;1;random
43;19;2;-1;random
43;20;0;1;random
43;20;1;1;random
43;20;2;1;random
43;21;0;1;random
43;21;1;1;random
43;21;2;1;random
43;21;3;-1;random
43;22;0;1;random
43;22;1;1;random
43;22;2;1;random
43;22;3;-1;random
43;23;0;1;random
43;23;1;1;random
43;23;2;1;random
43;23;3;1;random
43;24;0;1;random
43;24;1;1;random
43;24;2;1;random
43;24;3;1;random
43;24;4;1;random
43;25;0;1;random
43;25;1;1;random
43;25;2;1;random
43;25;3;1;random
43;25;4;1;random
43;25;5;-1;random
43;26;0;1;random
43;26;1;1;random
43;26;2;1;random
43;26;3;1;random
43;26;4;1;random
43;27;0;1;random
43;27;1;1;random
43;27;2;1;random
43;27;3;1;random
43;28;0;1;random
43;28;1;1;random
43;28;2;1;random
43;28;3;1;random
43;29;0;1;random
43;29;1;1;random
43;29;2;1;random
43;29;3;1;random
43;30;0;1;random
43;30;1;1;random
43;30;2;1;random
43;30;3;-1;random
43;31;0;1;random
43;31;1;1;random
43;32;0;1;random
43;32;1;1;random
43;32;2;1;random
43;33;0;1;random
43;33;1;1;random
43;33;2;1;random
43;33;3;1;random
43;34;0;1;random
43;34;1;1;random
43;34;2;1;random
43;34;3;1;random
43;35;0;1;random
43;35;1;1;random
43;35;2;1;random
43;35;3;1;random
43;36;0;1;random
43;36;1;1;random
43;36;2;1;random
43;36;3;1;random
43;36;4;-1;random
43;37;0;1;random
43;37;1;1;random
43;37;2;1;random
43;38;0;1;random
43;38;1;1;random
43;38;2;1;random
43;38;3;1;random
43;39;0;1;random
43;39;1;1;random
43;39;2;1;random
43;39;3;1;random
43;39;4;1;random
43;40;0;1;random
43;40;1;1;random
43;40;2;1;random
43;40;3;1;random
43;40;4;1;random
43;41;0;1;random
43;41;1;1;random
43;41;2;1;random
43;41;3;1;random
44;6;0;1;random
44;7;0;1;random
44;8;0;1;random
44;9;0;1;random
44;9;1;-1;random
44;10;0;1;random
44;10;1;1;random
44;11;0;1;random
44;11;1;1;random
44;11;2;1;random
44;11;3;1;random
44;12;0;1;random
44;12;1;1;random
44;12;2;1;random
44;13;0;1;random
44;13;1;1;random
44;13;2;1;random
44;13;3;-1;random
44;14;0;1;random
44;14;1;1;random
44;14;2;1;random
44;15;0;1;random
44;15;1;1;random
44;15;2;1;random
44;15;3;1;random
44;16;0;1;random
44;16;1;1;random
44;16;2;1;random
44;16;3;1;random
44;17;0;1;random
44;17;1;1;random
44;18;0;1;random
44;18;1;1;random
44;18;2;-1;random
44;19;0;1;random
44;19;1;1;random
44;20;0;1;random
44;20;1;1;random
44;21;0;1;random
44;21;1;1;random
44;21;2;1;random
44;21;3;-1;random
44;22;0;1;random
44;22;1;1;random
44;23;0;1;random
44;23;1;1;random
44;23;2;1;random
44;24;0;1;random
44;24;1;1;random
44;24;2;1;random
44;24;3;1;random
44;24;4;1;random
44;24;5;-1;random
44;25;0;1;random
44;25;1;1;random
44;25;2;1;random
44;25;3;1;random
44;25;4;1;random
44;25;5;1;random
44;26;0;1;random
44;26;1;1;random
44;26;2;1;random
44;26;3;1;random
44;27;0;1;random
44;27;1;1;random
44;27;2;1;random
44;27;3;1;random
44;28;0;1;random
44;28;1;1;random
44;28;2;1;random
44;28;3;1;random
44;28;4;1;random
44;29;0;1;random
44;29;1;1;random
44;29;2;1;random
44;29;3;1;random
44;29;4;-1;random
44;30;0;1;random
44;30;1;1;random
44;30;2;1;random
44;31;0;1;random
44;31;1;1;random
44;31;2;1;random
44;32;0;1;random
44;32;1;1;random
44;32;2;1;random
44;32;3;1;random
44;33;0;1;random
44;33;1;1;random
44;33;2;1;random
44;33;3;1;random
44;33;4;1;random
44;34;0;1;random
44;34;1;1;random
44;34;2;1;random
44;34;3;1;random
44;34;4;1;random
44;34;5;-1;random
44;35;0;1;random
44;35;1;1;random
44;35;2;1;random
44;35;3;1;random
44;35;4;1;random
44;36;0;1;random
44;36;1;1;random
44;36;2;1;random
44;36;3;1;random
44;37;0;1;random
44;37;1;1;random
44;37;2;1;random
44;38;0;1;random
44;38;1;1;random
44;38;2;1;random
44;38;3;1;random
44;39;0;1;random
44;39;1;1;random
44;39;2;1;random
44;39;3;1;random
44;39;4;-1;random
44;40;0;1;random
44;40;1;1;random
44;40;2;1;random
44;40;3;1;random
44;40;4;1;random
44;41;0;1;random
44;41;1;1;random
44;41;2;1;random
44;42;0;1;random
44;42;1;1;random
44;43;0;1;random
44;43;1;1;random
44;43;2;1;random
45;6;0;1;random
45;7;0;1;random
45;8;0;1;random
45;9;0;1;random
45;9;1;1;random
45;10;0;1;random
45;10;1;1;random
45;10;2;1;random
45;10;3;-1;random
45;11;0;1;random
45;11;1;1;random
45;11;2;1;random
45;12;0;1;random
45;12;1;1;random
45;12;2;1;random
45;13;0;1;random
45;13;1;1;random
45;13;2;1;random
45;13;3;-1;random
45;14;0;1;random
45;14;1;1;random
45;14;2;1;random
45;14;3;1;random
45;14;4;1;random
45;15;0;1;random
45;15;1;1;random
45;15;2;1;random
45;15;3;1;random
45;15;4;1;random
45;15;5;-1;random
45;16;0;1;random
45;16;1;1;random
45;16;2;1;random
45;17;0;1;random
45;17;1;1;random
45;18;0;1;random
45;18;1;1;random
45;18;2;-1;random
45;19;0;1;random
45;19;1;1;random
45;20;0;1;random
45;20;1;1;random
45;21;0;1;random
45;21;1;1;random
45;21;2;-1;random
45;22;0;1;random
45;22;1;1;random
45;23;0;1;random
45;23;1;1;random
45;23;2;1;random
45;23;3;1;random
45;24;0;1;random
45;24;1;1;random
45;24;2;1;random
45;24;3;1;random
45;24;4;1;random
45;25;0;1;random
45;25;1;1;random
45;25;2;1;random
45;25;3;1;random
45;25;4;1;random
45;25;5;-1;random
45;26;0;1;random
45;26;1;1;random
45;26;2;1;random
45;27;0;1;random
45;27;1;1;random
45;27;2;1;random
45;28;0;1;random
45;28;1;1;random
45;28;2;1;random
45;28;3;1;random
45;29;0;1;random
45;29;1;1;random
45;29;2;1;random
45;29;3;1;random
45;30;0;1;random
45;30;1;1;random
45;30;2;1;random
45;30;3;1;random
45;30;4;1;random
45;30;5;-1;random
45;31;0;1;random
45;31;1;1;random
45;31;2;1;random
45;31;3;1;random
45;31;4;1;random
45;32;0;1;random
45;32;1;1;random
45;32;2;1;random
45;32;3;1;random
45;33;0;1;random
45;33;1;1;random
45;33;2;1;random
45;33;3;1;random
45;33;4;1;random
45;34;0;1;random
45;34;1;1;random
45;34;2;1;random
45;34;3;1;random
45;34;4;1;random
45;34;5;-1;random
45;35;0;1;random
45;35;1;1;random
45;35;2;1;random
45;35;3;1;random
45;35;4;1;random
45;36;0;1;random
45;36;1;1;random
45;36;2;1;random
45;36;3;1;random
45;36;4;1;random
45;37;0;1;random
45;37;1;1;random
45;37;2;1;random
45;37;3;1;random
45;38;0;1;random
45;38;1;1;random
45;38;2;1;random
45;38;3;-1;random
45;39;0;1;random
45;39;1;1;random
45;39;2;1;random
45;40;0;1;random
45;40;1;1;random
45;40;2;1;random
45;40;3;1;random
45;41;0;1;random
45;41;1;1;random
45;42;0;1;random
45;42;1;1;random
45;43;0;1;random
45;43;1;1;random
45;44;0;1;random
45;44;1;1;random
45;44;2;1;random
45;44;3;1;random
45;44;4;1;random
45;45;0;1;random
45;45;1;1;random
45;45;2;1;random
45;45;3;1;random
45;45;4;1;random
45;46;0;1;random
45;46;1;1;random
45;46;2;1;random
45;47;0;1;random
45;47;1;1;random
45;47;2;-1;random
46;6;0;1;random
46;6;1;1;random
46;7;0;1;random
46;7;1;1;random
46;8;0;1;random
46;8;1;1;random
46;9;0;1;random
46;9;1;1;random
46;10;0;1;random
46;10;1;1;random
46;10;2;1;random
46;11;0;1;random
46;11;1;1;random
46;11;2;1;random
46;12;0;1;random
46;12;1;1;random
46;13;0;1;random
46;13;1;1;random
46;13;2;-1;random
46;14;0;1;random
46;14;1;1;random
46;14;2;1;random
46;14;3;1;random
46;14;4;-1;random
46;15;0;1;random
46;15;1;1;random
46;15;2;1;random
46;15;3;1;random
46;16;0;1;random
46;16;1;1;random
46;16;2;1;random
46;16;3;-1;random
46;17;0;1;random
46;17;1;1;random
46;17;2;1;random
46;18;0;1;random
46;18;1;1;random
46;18;2;-1;random
46;19;0;1;random
46;19;1;1;random
46;20;0;1;random
46;20;1;1;random
46;20;2;-1;random
46;21;0;1;random
46;21;1;1;random
46;22;0;1;random
46;22;1;1;random
46;22;2;-1;random
46;23;0;1;random
46;23;1;1;random
46;23;2;1;random
46;23;3;1;random
46;23;4;1;random
46;24;0;1;random
46;24;1;1;random
46;24;2;1;random
46;24;3;1;random
46;25;0;1;random
46;25;1;1;random
46;25;2;1;random
46;26;0;1;random
46;26;1;1;random
46;27;0;1;random
46;27;1;1;random
46;27;2;1;random
46;28;0;1;random
46;28;1;1;random
46;28;2;1;random
46;28;3;1;random
46;28;4;-1;random
46;29;0;1;random
46;29;1;1;random
46;29;2;1;random
46;29;3;1;random
46;30;0;1;random
46;30;1;1;random
46;30;2;1;random
46;30;3;1;random
46;30;4;1;random
46;30;5;1;random
46;31;0;1;random
46;31;1;1;random
46;31;2;1;random
46;31;3;1;random
46;31;4;1;random
46;32;0;1;random
46;32;1;1;random
46;32;2;1;random
46;32;3;1;random
46;33;0;1;random
46;33;1;1;random
46;33;2;1;random
46;33;3;1;random
46;33;4;-1;random
46;34;0;1;random
46;34;1;1;random
46;34;2;1;random
46;34;3;1;random
46;34;4;1;random
46;35;0;1;random
46;35;1;1;random
46;35;2;1;random
46;35;3;1;random
46;35;4;1;random
46;35;5;1;random
46;36;0;1;random
46;36;1;1;random
46;36;2;1;random
46;36;3;1;random
46;36;4;1;random
46;36;5;1;random
46;37;0;1;random
46;37;1;1;random
46;37;2;1;random
46;37;3;1;random
46;37;4;1;random
46;37;5;1;random
46;38;0;1;random
46;38;1;1;random
46;38;2;1;random
46;38;3;-1;random
46;39;0;1;random
46;39;1;1;random
46;39;2;1;random
46;40;0;1;random
46;40;1;1;random
46;40;2;1;random
46;41;0;1;random
46;41;1;1;random
46;41;2;1;random
46;42;0;1;random
46;42;1;1;random
46;42;2;1;random
46;43;0;1;random
46;43;1;1;random
46;44;0;1;random
46;44;1;1;random
46;44;2;1;random
46;44;3;1;random
46;45;0;1;random
46;45;1;1;random
46;45;2;1;random
46;45;3;1;random
46;45;4;1;random
46;45;5;-1;random
46;46;0;1;random
46;46;1;1;random
46;46;2;1;random
46;46;3;1;random
46;47;0;1;random
46;47;1;1;random
46;47;2;1;random
47;6;0;1;random
47;6;1;1;random
47;7;0;1;random
47;7;1;1;random
47;8;0;1;random
47;8;1;1;random
47;9;0;1;random
47;9;1;1;random
47;9;2;1;random
47;10;0;1;random
47;10;1;1;random
47;10;2;1;random
47;10;3;1;random
47;11;0;1;random
47;11;1;1;random
47;11;2;1;random
47;11;3;1;random
47;11;4;-1;random
47;12;0;1;random
47;12;1;1;random
47;12;2;1;random
47;13;0;1;random
47;13;1;1;random
47;13;2;1;random
47;14;0;1;random
47;14;1;1;random
47;14;2;1;random
47;14;3;-1;random
47;15;0;1;random
47;15;1;1;random
47;15;2;1;random
47;16;0;1;random
47;16;1;1;random
47;16;2;1;random
47;17;0;1;random
47;17;1;1;random
47;17;2;1;random
47;17;3;-1;random
47;18;0;1;random
47;18;1;1;random
47;18;2;1;random
47;18;3;-1;random
47;19;0;1;random
47;19;1;1;random
47;19;2;-1;random
47;20;0;1;random
47;20;1;1;random
47;21;0;1;random
47;21;1;1;random
47;21;2;1;random
47;21;3;-1;random
47;22;0;1;random
47;22;1;1;random
47;22;2;1;random
47;22;3;-1;random
47;23;0;1;random
47;23;1;1;random
47;23;2;1;random
47;23;3;1;random
47;24;0;1;random
47;24;1;1;random
47;24;2;1;random
47;25;0;1;random
47;25;1;1;random
47;25;2;-1;random
47;26;0;1;random
47;26;1;1;random
47;27;0;1;random
47;27;1;1;random
47;27;2;1;random
47;28;0;1;random
47;28;1;1;random
47;28;2;1;random
47;28;3;1;random
47;29;0;1;random
47;29;1;1;random
47;29;2;1;random
47;30;0;1;random
47;30;1;1;random
47;30;2;1;random
47;30;3;1;random
47;31;0;1;random
47;31;1;1;random
47;31;2;1;random
47;31;3;1;random
47;32;0;1;random
47;32;1;1;random
47;32;2;1;random
47;32;3;1;random
47;33;0;1;random
47;33;1;1;random
47;33;2;1;random
47;33;3;1;random
47;33;4;-1;random
47;34;0;1;random
47;34;1;1;random
47;34;2;1;random
47;34;3;1;random
47;35;0;1;random
47;35;1;1;random
47;35;2;1;random
47;35;3;1;random
47;35;4;1;random
47;36;0;1;random
47;36;1;1;random
47;36;2;1;random
47;36;3;1;random
47;36;4;1;random
47;36;5;1;random
47;37;0;1;random
47;37;1;1;random
47;37;2;1;random
47;37;3;1;random
47;37;4;1;random
47;38;0;1;random
47;38;1;1;random
47;38;2;1;random
47;38;3;1;random
47;39;0;1;random
47;39;1;1;random
47;39;2;1;random
47;39;3;-1;random
47;40;0;1;random
47;40;1;1;random
47;40;2;1;random
47;41;0;1;random
47;41;1;1;random
47;41;2;1;random
47;41;3;1;random
47;42;0;1;random
47;42;1;1;random
47;42;2;1;random
47;42;3;1;random
47;43;0;1;random
47;43;1;1;random
47;43;2;1;random
47;43;3;-1;random
47;44;0;1;random
47;44;1;1;random
47;44;2;1;random
47;44;3;1;random
47;45;0;1;random
47;45;1;1;random
47;45;2;1;random
47;45;3;1;random
47;46;0;1;random
47;46;1;1;random
47;46;2;1;random
47;46;3;1;random
47;47;0;1;random
47;47;1;1;random
47;47;2;1;random
47;48;0;1;random
47;48;1;1;random
47;49;0;1;random
48;6;0;1;random
48;7;0;1;random
48;8;0;1;random
48;8;1;1;random
48;9;0;1;random
48;9;1;1;random
48;9;2;1;random
48;9;3;-1;random
48;10;0;1;random
48;10;1;1;random
48;10;2;1;random
48;10;3;1;random
48;11;0;1;random
48;11;1;1;random
48;11;2;1;random
48;11;3;1;random
48;11;4;1;random
48;12;0;1;random
48;12;1;1;random
48;12;2;1;random
48;12;3;1;random
48;12;4;1;random
48;13;0;1;random
48;13;1;1;random
48;13;2;1;random
48;13;3;1;random
48;13;4;-1;random
48;14;0;1;random
48;14;1;1;random
48;14;2;1;random
48;14;3;-1;random
48;15;0;1;random
48;15;1;1;random
48;15;2;1;random
48;15;3;-1;random
48;16;0;1;random
48;16;1;1;random
48;17;0;1;random
48;17;1;1;random
48;17;2;1;random
48;17;3;-1;random
48;18;0;1;random
48;18;1;1;random
48;18;2;1;random
48;18;3;-1;random
48;19;0;1;random
48;19;1;1;random
48;19;2;-1;random
48;20;0;1;random
48;20;1;1;random
48;20;2;-1;random
48;21;0;1;random
48;21;1;1;random
48;23;0;1;random
48;23;1;1;random
48;23;2;1;random
48;24;0;1;random
48;24;1;1;random
48;24;2;1;random
48;24;3;-1;random
48;25;0;1;random
48;25;1;1;random
48;25;2;1;random
48;25;3;1;random
48;26;0;1;random
48;26;1;1;random
48;26;2;1;random
48;27;0;1;random
48;27;1;1;random
48;27;2;1;random
48;28;0;1;random
48;28;1;1;random
48;28;2;1;random
48;28;3;1;random
48;29;0;1;random
48;29;1;1;random
48;29;2;1;random
48;29;3;1;random
48;30;0;1;random
48;30;1;1;random
48;30;2;1;random
48;30;3;1;random
48;30;4;1;random
48;31;0;1;random
48;31;1;1;random
48;31;2;1;random
48;31;3;1;random
48;31;4;-1;random
48;32;0;1;random
48;32;1;1;random
48;32;2;1;random
48;32;3;1;random
48;33;0;1;random
48;33;1;1;random
48;33;2;1;random
48;34;0;1;random
48;34;1;1;random
48;34;2;1;random
48;35;0;1;random
48;35;1;1;random
48;35;2;1;random
48;35;3;1;random
48;35;4;1;random
48;36;0;1;random
48;36;1;1;random
48;36;2;1;random
48;36;3;1;random
48;36;4;1;random
48;36;5;1;random
48;37;0;1;random
48;37;1;1;random
48;37;2;1;random
48;37;3;1;random
48;37;4;1;random
48;37;5;-1;random
48;38;0;1;random
48;38;1;1;random
48;38;2;1;random
48;38;3;1;random
48;39;0;1;random
48;39;1;1;random
48;39;2;1;random
48;39;3;1;random
48;40;0;1;random
48;40;1;1;random
48;40;2;1;random
48;40;3;1;random
48;41;0;1;random
48;41;1;1;random
48;41;2;1;random
48;41;3;1;random
48;41;4;-1;random
48;42;0;1;random
48;42;1;1;random
48;42;2;1;random
48;42;3;1;random
48;43;0;1;random
48;43;1;1;random
48;43;2;1;random
48;43;3;1;random
48;44;0;1;random
48;44;1;1;random
48;44;2;1;random
48;44;3;1;random
48;45;0;1;random
48;45;1;1;random
48;45;2;1;random
48;45;3;-1;random
48;46;0;1;random
48;46;1;1;random
48;47;0;1;random
48;47;1;1;random
48;48;0;1;random
48;48;1;1;random
48;49;0;1;random
48;50;0;1;random
48;50;1;1;random
48;51;0;1;random
48;51;1;1;random
48;51;2;1;random
49;7;0;1;random
49;8;0;1;random
49;8;1;1;random
49;9;0;1;random
49;9;1;1;random
49;10;0;1;random
49;10;1;1;random
49;10;2;1;random
49;11;0;1;random
49;11;1;1;random
49;11;2;1;random
49;11;3;-1;random
49;12;0;1;random
49;12;1;1;random
49;12;2;1;random
49;13;0;1;random
49;13;1;1;random
49;13;2;1;random
49;14;0;1;random
49;14;1;1;random
49;14;2;1;random
49;14;3;-1;random
49;15;0;1;random
49;15;1;1;random
49;15;2;-1;random
49;16;0;1;random
49;16;1;1;random
49;16;2;1;random
49;16;3;-1;random
49;17;0;1;random
49;17;1;1;random
49;17;2;1;random
49;17;3;-1;random
49;18;0;1;random
49;18;1;1;random
49;18;2;1;random
49;18;3;-1;random
49;19;0;1;random
49;19;1;1;random
49;19;2;-1;random
49;20;0;1;random
49;20;1;1;random
49;20;2;-1;random
49;21;0;1;random
49;21;1;1;random
49;24;0;1;random
49;24;1;1;random
49;24;2;1;random
49;24;3;1;random
49;24;4;-1;random
49;25;0;1;random
49;25;1;1;random
49;25;2;1;random
49;25;3;1;random
49;26;0;1;random
49;26;1;1;random
49;26;2;1;random
49;27;0;1;random
49;27;1;1;random
49;27;2;1;random
49;27;3;1;random
49;28;0;1;random
49;28;1;1;random
49;28;2;1;random
49;28;3;1;random
49;29;0;1;random
49;29;1;1;random
49;29;2;1;random
49;29;3;1;random
49;30;0;1;random
49;30;1;1;random
49;30;2;1;random
49;30;3;1;random
49;31;0;1;random
49;31;1;1;random
49;31;2;1;random
49;31;3;1;random
49;31;4;-1;random
49;32;0;1;random
49;32;1;1;random
49;32;2;1;random
49;32;3;1;random
49;32;4;1;random
49;33;0;1;random
49;33;1;1;random
49;33;2;1;random
49;33;3;1;random
49;34;0;1;random
49;34;1;1;random
49;34;2;1;random
49;34;3;1;random
49;35;0;1;random
49;35;1;1;random
49;35;2;1;random
49;35;3;1;random
49;36;0;1;random
49;36;1;1;random
49;36;2;1;random
49;36;3;1;random
49;36;4;1;random
49;36;5;-1;random
49;37;0;1;random
49;37;1;1;random
49;37;2;1;random
49;37;3;1;random
49;38;0;1;random
49;38;1;1;random
49;38;2;1;random
49;39;0;1;random
49;39;1;1;random
49;39;2;1;random
49;39;3;1;random
49;40;0;1;random
49;40;1;1;random
49;40;2;1;random
49;40;3;1;random
49;41;0;1;random
49;41;1;1;random
49;41;2;1;random
49;41;3;1;random
49;42;0;1;random
49;42;1;1;random
49;42;2;1;random
49;42;3;1;random
49;42;4;-1;random
49;43;0;1;random
49;43;1;1;random
49;43;2;1;random
49;43;3;1;random
49;44;0;1;random
49;44;1;1;random
49;44;2;1;random
49;44;3;1;random
49;45;0;1;random
49;45;1;1;random
49;45;2;1;random
49;46;0;1;random
49;46;1;1;random
49;47;0;1;random
49;47;1;1;random
49;47;2;1;random
49;48;0;1;random
49;48;1;1;random
49;48;2;1;random
49;49;0;1;random
49;49;1;1;random
49;50;0;1;random
49;50;1;1;random
49;50;2;1;random
49;51;0;1;random
49;51;1;1;random
49;51;2;1;random
49;51;3;-1;random
49;52;0;1;random
49;52;1;1;random
49;52;2;1;random
49;52;3;1;random
49;53;0;1;random
49;53;1;1;random
49;54;0;1;random
49;54;1;1;random
50;7;0;1;random
50;8;0;1;random
50;9;0;1;random
50;9;1;1;random
50;10;0;1;random
50;10;1;1;random
50;11;0;1;random
50;11;1;1;random
50;12;0;1;random
50;12;1;1;random
50;12;2;-1;random
50;13;0;1;random
50;13;1;1;random
50;14;0;1;random
50;14;1;1;random
50;14;2;1;random
50;15;0;1;random
50;15;1;1;random
50;15;2;1;random
50;15;3;-1;random
50;16;0;1;random
50;16;1;1;random
50;16;2;1;random
50;16;3;-1;random
50;17;0;1;random
50;17;1;1;random
50;17;2;1;random
50;17;3;-1;random
50;18;0;1;random
50;19;0;1;random
50;19;1;1;random
50;19;2;-1;random
50;20;0;1;random
50;20;1;1;random
50;22;0;1;random
50;22;1;1;random
50;23;0;1;random
50;23;1;1;random
50;24;0;1;random
50;24;1;1;random
50;24;2;1;random
50;25;0;1;random
50;25;1;1;random
50;25;2;1;random
50;25;3;-1;random
50;26;0;1;random
50;26;1;1;random
50;27;0;1;random
50;27;1;1;random
50;27;2;1;random
50;28;0;1;random
50;28;1;1;random
50;29;0;1;random
50;29;1;1;random
50;30;0;1;random
50;30;1;1;random
50;30;2;1;random
50;31;0;1;random
50;31;1;1;random
50;31;2;1;random
50;32;0;1;random
50;32;1;1;random
50;32;2;1;random
50;32;3;1;random
50;32;4;1;random
50;33;0;1;random
50;33;1;1;random
50;33;2;1;random
50;33;3;1;random
50;33;4;1;random
50;34;0;1;random
50;34;1;1;random
50;34;2;1;random
50;34;3;1;random
50;35;0;1;random
50;35;1;1;random
50;35;2;1;random
50;35;3;1;random
50;35;4;-1;random
50;36;0;1;random
50;36;1;1;random
50;36;2;1;random
50;36;3;1;random
50;37;0;1;random
50;37;1;1;random
50;37;2;1;random
50;37;3;1;random
50;38;0;1;random
50;38;1;1;random
50;38;2;1;random
50;39;0;1;random
50;39;1;1;random
50;39;2;1;random
50;40;0;1;random
50;40;1;1;random
50;40;2;1;random
50;40;3;1;random
50;41;0;1;random
50;41;1;1;random
50;41;2;1;random
50;42;0;1;random
50;42;1;1;random
50;42;2;1;random
50;42;3;-1;random
50;43;0;1;random
50;43;1;1;random
50;43;2;1;random
50;44;0;1;random
50;44;1;1;random
50;44;2;1;random
50;45;0;1;random
50;45;1;1;random
50;45;2;1;random
50;46;0;1;random
50;46;1;1;random
50;46;2;1;random
50;47;0;1;random
50;47;1;1;random
50;47;2;1;random
50;47;3;1;random
50;48;0;1;random
50;48;1;1;random
50;48;2;1;random
50;48;3;1;random
50;49;0;1;random
50;49;1;1;random
50;50;0;1;random
50;50;1;1;random
50;50;2;1;random
50;51;0;1;random
50;51;1;1;random
50;51;2;1;random
50;52;0;1;random
50;52;1;1;random
50;52;2;1;random
50;52;3;-1;random
50;53;0;1;random
50;53;1;1;random
50;54;0;1;random
50;54;1;1;random
51;8;0;1;random
51;9;0;1;random
51;10;0;1;random
51;10;1;1;random
51;10;2;1;random
51;11;0;1;random
51;11;1;1;random
51;11;2;1;random
51;11;3;-1;random
51;12;0;1;random
51;12;1;1;random
51;12;2;-1;random
51;13;0;1;random
51;13;1;1;random
51;14;0;1;random
51;14;1;1;random
51;14;2;1;random
51;15;0;1;random
51;15;1;1;random
51;15;2;1;random
51;15;3;1;random
51;15;4;-1;random
51;16;0;1;random
51;16;1;1;random
51;16;2;1;random
51;17;0;1;random
51;17;1;1;random
51;17;2;1;random
51;17;3;1;random
51;17;4;-1;random
51;18;0;1;random
51;22;0;1;random
51;22;1;1;random
51;23;0;1;random
51;23;1;1;random
51;24;0;1;random
51;24;1;1;random
51;24;2;1;random
51;25;0;1;random
51;25;1;1;random
51;25;2;1;random
51;26;0;1;random
51;26;1;1;random
51;27;0;1;random
51;27;1;1;random
51;28;0;1;random
51;28;1;1;random
51;29;0;1;random
51;29;1;1;random
51;30;0;1;random
51;30;1;1;random
51;31;0;1;random
51;31;1;1;random
51;31;2;1;random
51;31;3;1;random
51;32;0;1;random
51;32;1;1;random
51;32;2;1;random
51;32;3;1;random
51;32;4;1;random
51;32;5;1;random
51;32;6;-1;random
51;33;0;1;random
51;33;1;1;random
51;33;2;1;random
51;33;3;1;random
51;33;4;1;random
51;33;5;1;random
51;34;0;1;random
51;34;1;1;random
51;34;2;1;random
51;34;3;1;random
51;35;0;1;random
51;35;1;1;random
51;35;2;1;random
51;35;3;1;random
51;36;0;1;random
51;36;1;1;random
51;36;2;1;random
51;36;3;1;random
51;36;4;1;random
51;37;0;1;random
51;37;1;1;random
51;37;2;1;random
51;37;3;1;random
51;37;4;1;random
51;38;0;1;random
51;38;1;1;random
51;38;2;1;random
51;38;3;-1;random
51;39;0;1;random
51;39;1;1;random
51;40;0;1;random
51;40;1;1;random
51;40;2;1;random
51;41;0;1;random
51;41;1;1;random
51;41;2;1;random
51;42;0;1;random
51;42;1;1;random
51;43;0;1;random
51;43;1;1;random
51;44;0;1;random
51;44;1;1;random
51;44;2;1;random
51;45;0;1;random
51;45;1;1;random
51;45;2;1;random
51;46;0;1;random
51;46;1;1;random
51;46;2;1;random
51;46;3;1;random
51;46;4;-1;random
51;47;0;1;random
51;47;1;1;random
51;47;2;1;random
51;47;3;1;random
51;48;0;1;random
51;48;1;1;random
51;48;2;1;random
51;49;0;1;random
51;49;1;1;random
51;50;0;1;random
51;50;1;1;random
51;51;0;1;random
51;51;1;1;random
51;52;0;1;random
51;52;1;1;random
51;53;0;1;random
51;53;1;1;random
51;54;0;1;random
51;54;1;1;random
52;9;0;1;random
52;9;1;-1;random
52;10;0;1;random
52;10;1;1;random
52;11;0;1;random
52;11;1;1;random
52;12;0;1;random
52;12;1;1;random
52;13;0;1;random
52;13;1;1;random
52;14;0;1;random
52;14;1;1;random
52;14;2;1;random
52;15;0;1;random
52;15;1;1;random
52;15;2;1;random
52;15;3;1;random
52;15;4;-1;random
52;16;0;1;random
52;17;0;1;random
52;17;1;1;random
52;23;0;1;random
52;23;1;1;random
52;24;0;1;random
52;24;1;1;random
52;25;0;1;random
52;26;0;1;random
52;27;0;1;random
52;28;0;1;random
52;28;1;1;random
52;29;0;1;random
52;29;1;1;random
52;30;0;1;random
52;30;1;1;random
52;30;2;-1;random
52;31;0;1;random
52;31;1;1;random
52;31;2;1;random
52;31;3;1;random
52;32;0;1;random
52;32;1;1;random
52;32;2;1;random
52;32;3;1;random
52;32;4;1;random
52;33;0;1;random
52;33;1;1;random
52;33;2;1;random
52;33;3;1;random
52;33;4;1;random
52;33;5;1;random
52;34;0;1;random
52;34;1;1;random
52;34;2;1;random
52;34;3;1;random
52;34;4;1;random
52;35;0;1;random
52;35;1;1;random
52;35;2;1;random
52;35;3;1;random
52;36;0;1;random
52;36;1;1;random
52;36;2;1;random
52;36;3;1;random
52;37;0;1;random
52;37;1;1;random
52;37;2;1;random
52;37;3;1;random
52;37;4;-1;random
52;38;0;1;random
52;38;1;1;random
52;38;2;1;random
52;39;0;1;random
52;39;1;1;random
52;40;0;1;random
52;40;1;1;random
52;41;0;1;random
52;41;1;1;random
52;41;2;1;random
52;42;0;1;random
52;42;1;1;random
52;42;2;1;random
52;43;0;1;random
52;43;1;1;random
52;43;2;1;random
52;43;3;1;random
52;43;4;1;random
52;43;5;-1;random
52;44;0;1;random
52;44;1;1;random
52;44;2;1;random
52;44;3;1;random
52;45;0;1;random
52;45;1;1;random
52;45;2;1;random
52;45;3;1;random
52;46;0;1;random
52;46;1;1;random
52;46;2;1;random
52;46;3;1;random
52;46;4;1;random
52;47;0;1;random
52;47;1;1;random
52;47;2;1;random
52;47;3;1;random
52;47;4;-1;random
52;48;0;1;random
52;48;1;1;random
52;48;2;1;random
52;49;0;1;random
52;49;1;1;random
52;50;0;1;random
52;51;0;1;random
52;51;1;1;random
52;51;2;1;random
52;52;0;1;random
52;52;1;1;random
52;52;2;-1;random
52;53;0;1;random
52;53;1;1;random
52;54;0;1;random
52;54;1;1;random
53;9;0;1;random
53;10;0;1;random
53;11;0;1;random
53;12;0;1;random
53;13;0;1;random
53;13;1;1;random
53;14;0;1;random
53;15;0;1;random
53;15;1;1;random
53;23;0;1;random
53;24;0;1;random
53;25;0;1;random
53;26;0;1;random
53;27;0;1;random
53;27;1;-1;random
53;28;0;1;random
53;28;1;1;random
53;29;0;1;random
53;29;1;1;random
53;30;0;1;random
53;30;1;1;random
53;31;0;1;random
53;31;1;1;random
53;32;0;1;random
53;32;1;1;random
53;33;0;1;random
53;33;1;1;random
53;33;2;1;random
53;33;3;1;random
53;34;0;1;random
53;34;1;1;random
53;34;2;1;random
53;34;3;1;random
53;35;0;1;random
53;35;1;1;random
53;35;2;1;random
53;35;3;1;random
53;36;0;1;random
53;36;1;1;random
53;36;2;1;random
53;36;3;1;random
53;37;0;1;random
53;37;1;1;random
53;37;2;1;random
53;38;0;1;random
53;38;1;1;random
53;38;2;1;random
53;38;3;1;random
53;38;4;-1;random
53;39;0;1;random
53;39;1;1;random
53;39;2;1;random
53;40;0;1;random
53;40;1;1;random
53;40;2;1;random
53;41;0;1;random
53;41;1;1;random
53;41;2;1;random
53;41;3;1;random
53;42;0;1;random
53;42;1;1;random
53;42;2;1;random
53;43;0;1;random
53;43;1;1;random
53;43;2;1;random
53;44;0;1;random
53;44;1;1;random
53;44;2;1;random
53;44;3;1;random
53;45;0;1;random
53;45;1;1;random
53;45;2;1;random
53;45;3;1;random
53;45;4;1;random
53;45;5;-1;random
53;46;0;1;random
53;46;1;1;random
53;46;2;1;random
53;46;3;1;random
53;47;0;1;random
53;47;1;1;random
53;47;2;1;random
53;47;3;1;random
53;48;0;1;random
53;48;1;1;random
53;48;2;1;random
53;48;3;1;random
53;48;4;-1;random
53;49;0;1;random
53;49;1;1;random
53;49;2;1;random
53;50;0;1;random
53;50;1;1;random
53;50;2;1;random
53;50;3;-1;random
53;51;0;1;random
53;51;1;1;random
53;51;2;1;random
53;51;3;1;random
53;52;0;1;random
53;52;1;1;random
53;52;2;1;random
53;53;0;1;random
53;53;1;1;random
53;54;0;1;random
53;54;1;1;random
53;55;0;1;random
53;55;1;1;random
54;10;0;1;random
54;11;0;1;random
54;12;0;1;random
54;13;0;1;random
54;22;0;1;random
54;23;0;1;random
54;24;0;1;random
54;25;0;1;random
54;26;0;1;random
54;26;1;1;random
54;27;0;1;random
54;27;1;1;random
54;28;0;1;random
54;28;1;1;random
54;29;0;1;random
54;30;0;1;random
54;30;1;1;random
54;30;2;-1;random
54;31;0;1;random
54;31;1;1;random
54;32;0;1;random
54;32;1;1;random
54;33;0;1;random
54;33;1;1;random
54;33;2;1;random
54;34;0;1;random
54;34;1;1;random
54;34;2;1;random
54;35;0;1;random
54;35;1;1;random
54;35;2;1;random
54;36;0;1;random
54;36;1;1;random
54;36;2;1;random
54;36;3;1;random
54;37;0;1;random
54;37;1;1;random
54;37;2;1;random
54;37;3;1;random
54;38;0;1;random
54;38;1;1;random
54;38;2;1;random
54;38;3;1;random
54;39;0;1;random
54;39;1;1;random
54;39;2;1;random
54;39;3;1;random
54;39;4;-1;random
54;40;0;1;random
54;40;1;1;random
54;40;2;1;random
54;41;0;1;random
54;41;1;1;random
54;41;2;1;random
54;42;0;1;random
54;42;1;1;random
54;42;2;1;random
54;43;0;1;random
54;43;1;1;random
54;44;0;1;random
54;44;1;1;random
54;44;2;1;random
54;44;3;1;random
54;45;0;1;random
54;45;1;1;random
54;45;2;1;random
54;45;3;1;random
54;46;0;1;random
54;46;1;1;random
54;46;2;1;random
54;46;3;1;random
54;46;4;-1;random
54;47;0;1;random
54;47;1;1;random
54;47;2;1;random
54;47;3;1;random
54;48;0;1;random
54;48;1;1;random
54;48;2;1;random
54;48;3;1;random
54;49;0;1;random
54;49;1;1;random
54;49;2;1;random
54;49;3;1;random
54;49;4;-1;random
54;50;0;1;random
54;50;1;1;random
54;50;2;1;random
54;51;0;1;random
54;51;1;1;random
54;51;2;1;random
54;51;3;1;random
54;52;0;1;random
54;52;1;1;random
54;52;2;1;random
54;53;0;1;random
54;53;1;1;random
54;55;0;1;random
54;55;1;1;random
55;22;0;1;random
55;23;0;1;random
55;24;0;1;random
55;25;0;1;random
55;26;0;1;random
55;26;1;1;random
55;27;0;1;random
55;27;1;1;random
55;28;0;1;random
55;29;0;1;random
55;30;0;1;random
55;30;1;-1;random
55;31;0;1;random
55;31;1;1;random
55;32;0;1;random
55;32;1;1;random
55;33;0;1;random
55;33;1;1;random
55;33;2;1;random
55;34;0;1;random
55;34;1;1;random
55;34;2;1;random
55;35;0;1;random
55;35;1;1;random
55;35;2;1;random
55;36;0;1;random
55;36;1;1;random
55;36;2;1;random
55;37;0;1;random
55;37;1;1;random
55;37;2;1;random
55;37;3;1;random
55;38;0;1;random
55;38;1;1;random
55;38;2;1;random
55;38;3;1;random
55;39;0;1;random
55;39;1;1;random
55;39;2;1;random
55;39;3;1;random
55;39;4;-1;random
55;40;0;1;random
55;40;1;1;random
55;40;2;1;random
55;40;3;1;random
55;41;0;1;random
55;41;1;1;random
55;41;2;1;random
55;41;3;1;random
55;42;0;1;random
55;42;1;1;random
55;42;2;1;random
55;42;3;1;random
55;43;0;1;random
55;43;1;1;random
55;43;2;1;random
55;43;3;1;random
55;44;0;1;random
55;44;1;1;random
55;44;2;1;random
55;44;3;1;random
55;44;4;1;random
55;45;0;1;random
55;45;1;1;random
55;45;2;1;random
55;45;3;1;random
55;45;4;1;random
55;45;5;1;random
55;45;6;-1;random
55;46;0;1;random
55;46;1;1;random
55;46;2;1;random
55;46;3;1;random
55;46;4;1;random
55;47;0;1;random
55;47;1;1;random
55;47;2;1;random
55;47;3;1;random
55;48;0;1;random
55;48;1;1;random
55;48;2;1;random
55;49;0;1;random
55;50;0;1;random
55;50;1;1;random
55;50;2;1;random
55;51;0;1;random
55;51;1;1;random
55;51;2;1;random
55;51;3;1;random
55;52;0;1;random
55;52;1;1;random
55;52;2;1;random
55;53;0;1;random
55;53;1;1;random
55;53;2;1;random
56;23;0;1;random
56;24;0;1;random
56;25;0;1;random
56;26;0;1;random
56;36;0;1;random
56;36;1;1;random
56;36;2;1;random
56;36;3;-1;random
56;37;0;1;random
56;37;1;1;random
56;37;2;1;random
56;38;0;1;random
56;38;1;1;random
56;38;2;1;random
56;39;0;1;random
56;39;1;1;random
56;40;0;1;random
56;40;1;1;random
56;41;0;1;random
56;41;1;1;random
56;41;2;1;random
56;42;0;1;random
56;42;1;1;random
56;42;2;1;random
56;43;0;1;random
56;43;1;1;random
56;43;2;1;random
56;43;3;1;random
56;43;4;1;random
56;44;0;1;random
56;44;1;1;random
56;44;2;1;random
56;44;3;1;random
56;44;4;1;random
56;45;0;1;random
56;45;1;1;random
56;45;2;1;random
56;45;3;1;random
56;45;4;1;random
56;46;0;1;random
56;46;1;1;random
56;46;2;1;random
56;46;3;1;random
56;46;4;1;random
56;46;5;-1;random
56;47;0;1;random
56;47;1;1;random
56;47;2;1;random
56;48;0;1;random
56;48;1;1;random
56;49;0;1;random
56;50;0;1;random
56;50;1;1;random
56;51;0;1;random
56;51;1;1;random
56;52;0;1;random
56;52;1;1;random
56;53;0;1;random
56;54;0;1;random
57;36;0;1;random
57;36;1;1;random
57;37;0;1;random
57;37;1;1;random
57;38;0;1;random
57;38;1;1;random
57;39;0;1;random
57;39;1;1;random
57;40;0;1;random
57;40;1;1;random
57;41;0;1;random
57;42;0;1;random
57;46;0;1;random
57;46;1;1;random
57;47;0;1;random
57;47;1;1;random
57;47;2;1;random
57;48;0;1;random
57;48;1;1;random
57;51;0;1;random
57;52;0;1;random
57;53;0;1;random
57;54;0;1;random
58;37;0;1;random
58;38;0;1;random
58;40;0;1;random
58;40;1;1;random
58;41;0;1;random
58;42;0;1;random
58;50;0;1;random
58;51;0;1;random
58;52;0;1;random
58;52;1;-1;random
58;53;0;1;random
58;54;0;1;random
59;50;0;1;random
59;51;0;1;random
59;52;0;1;random
60;52;0;1;random
